date,open,high,low,close,volume,market_cap
2017-12-15T08:03:40.000000Z,19211.5,19240.0,18444.0,19205.0,3383187.0,
2017-12-15T10:02:38.000000Z,19381.5,19910.0,19370.5,19823.0,3988838.0,
2017-12-15T12:00:42.000000Z,19874.0,19939.5,19605.0,19784.0,2931574.0,
2017-12-15T14:00:14.000000Z,19784.0,19863.5,19519.0,19565.0,2279760.0,
2017-12-15T16:00:47.000000Z,19561.0,19806.0,19525.0,19637.5,1458847.0,
2017-12-15T18:01:06.000000Z,19620.0,19842.5,19501.5,19705.0,1962331.0,
2017-12-15T20:01:11.000000Z,19748.0,19850.5,19256.0,19542.5,2318612.0,
2017-12-15T22:00:04.000000Z,19569.5,19744.0,19337.5,19621.5,1103342.0,
2017-12-16T00:03:02.000000Z,19644.0,19840.0,19553.0,19658.0,1631285.0,
2017-12-16T02:03:36.000000Z,19671.0,19706.5,19525.5,19591.0,897222.0,
2017-12-16T04:00:06.000000Z,19600.0,19850.0,19599.5,19840.0,1568560.0,
2017-12-16T06:00:25.000000Z,19840.0,20100.0,19840.0,20060.5,2428139.0,
2017-12-16T08:00:32.000000Z,20100.0,20100.0,19888.0,20099.0,885621.0,
2017-12-16T10:00:17.000000Z,20087.0,20685.0,20000.0,20498.5,2203558.0,
2017-12-16T12:00:22.000000Z,20491.0,21090.5,20219.5,20909.0,3319438.0,
2017-12-16T14:00:18.000000Z,20923.5,21662.0,20801.5,21532.0,4937402.0,
2017-12-16T16:00:10.000000Z,21532.0,21644.0,20802.0,21552.0,2271781.0,
2017-12-16T18:01:03.000000Z,21575.5,22049.0,21451.5,21975.5,2374471.0,
2017-12-16T20:00:13.000000Z,22005.0,22391.0,21833.5,22229.0,3019331.0,
2017-12-16T22:00:06.000000Z,22174.5,22665.0,21821.0,22308.0,3495655.0,
2017-12-17T00:00:28.000000Z,22325.0,22420.0,21902.0,22070.0,2424743.0,
2017-12-17T02:00:17.000000Z,22065.0,22675.0,21974.5,22199.5,1674968.0,
2017-12-17T04:00:08.000000Z,22251.5,22596.0,21982.5,22563.0,1561156.0,
2017-12-17T06:01:26.000000Z,22596.0,22777.0,22480.0,22777.0,606254.0,
2017-12-17T08:01:38.000000Z,22777.0,23242.0,22694.0,23242.0,2596789.0,
2017-12-17T10:00:18.000000Z,23247.5,23485.0,22332.0,23041.0,4742745.0,
2017-12-17T12:00:06.000000Z,23110.5,23343.0,22868.5,23046.0,2217323.0,
2017-12-17T14:00:23.000000Z,23042.0,23043.0,22123.0,22527.0,3185871.0,
2017-12-17T16:00:47.000000Z,22507.5,22698.5,21448.0,22243.0,2700993.0,
2017-12-17T18:00:03.000000Z,22108.0,22350.0,21006.0,21994.0,2297568.0,
2017-12-17T20:00:02.000000Z,21994.0,22909.5,21979.0,22505.0,3991307.0,
2017-12-17T22:00:58.000000Z,22490.0,23458.0,21900.0,22559.0,9633787.0,
2017-12-18T00:00:07.000000Z,22559.0,22559.0,20203.0,20878.0,11529964.0,
2017-12-18T02:00:43.000000Z,20919.5,21275.0,20420.0,20916.5,4644302.0,
2017-12-18T04:00:03.000000Z,20939.5,21253.5,20912.0,21210.0,2377104.0,
2017-12-18T06:01:36.000000Z,21210.0,21397.5,20891.0,20977.5,1848676.0,
2017-12-18T08:00:15.000000Z,20979.0,21413.5,20886.5,21192.5,1599127.0,
2017-12-18T10:01:03.000000Z,21167.0,21943.0,21155.0,21885.0,3767177.0,
2017-12-18T12:00:04.000000Z,21880.0,22000.0,21216.0,21296.0,6409251.0,
2017-12-18T14:00:03.000000Z,21296.0,21296.0,20502.0,20915.5,5693959.0,
2017-12-18T16:00:33.000000Z,20925.5,21006.5,20604.0,20774.5,1955711.0,
2017-12-18T18:00:08.000000Z,20734.5,21145.0,20419.0,21077.5,4247915.0,
2017-12-18T20:00:31.000000Z,21077.5,21248.0,20834.0,20942.5,2615419.0,
2017-12-18T22:00:02.000000Z,20942.5,21731.0,20942.5,21656.5,3987362.0,
2017-12-19T00:00:03.000000Z,21631.0,21800.0,21188.0,21318.0,2853191.0,
2017-12-19T02:00:14.000000Z,21317.5,21862.5,21159.0,21798.5,2510715.0,
2017-12-19T04:00:17.000000Z,21799.0,21826.5,21500.0,21575.5,1620682.0,
2017-12-19T06:02:54.000000Z,21603.0,21630.0,21393.5,21532.0,1603101.0,
2017-12-19T08:01:27.000000Z,21532.0,21656.5,20780.0,21116.0,4425778.0,
2017-12-19T10:00:04.000000Z,21116.0,21126.5,19900.0,19961.5,10721296.0,
2017-12-19T12:02:54.000000Z,20107.5,20603.5,20074.0,20400.5,6087535.0,
2017-12-19T14:03:35.000000Z,20200.0,20299.5,19856.5,20174.5,5987070.0,
2017-12-19T16:00:18.000000Z,20142.0,20600.0,20127.0,20362.5,3524933.0,
2017-12-19T18:00:03.000000Z,20389.5,20502.0,19930.0,20120.0,3471267.0,
2017-12-19T20:00:03.000000Z,20120.0,20210.5,18837.0,19211.0,12386185.0,
2017-12-19T22:00:03.000000Z,19210.5,19594.5,19109.0,19466.0,7735761.0,
2017-12-20T00:00:22.000000Z,19455.0,19455.0,16000.0,18398.5,21131126.0,
2017-12-20T02:00:15.000000Z,18415.5,19256.0,18383.0,18884.0,4928202.0,
2017-12-20T04:06:25.000000Z,18565.0,18988.5,18199.0,18268.5,3136193.0,
2017-12-20T06:00:30.000000Z,18268.0,18690.0,17750.5,18402.0,4408687.0,
2017-12-20T08:00:05.000000Z,18396.0,19014.0,18347.0,18931.0,3246894.0,
2017-12-20T10:00:42.000000Z,18931.0,19483.0,18931.0,19399.0,3131359.0,
2017-12-20T12:00:18.000000Z,19340.5,19760.5,18808.0,19107.5,4152382.0,
2017-12-20T14:00:03.000000Z,19107.5,19485.5,18209.5,18357.0,5738187.0,
2017-12-20T16:13:19.000000Z,18219.0,18920.0,18067.0,18917.0,4749478.0,
2017-12-20T18:00:35.000000Z,18919.0,18980.5,18400.0,18647.0,3182781.0,
2017-12-20T20:00:02.000000Z,18674.5,18738.5,18060.0,18251.5,2637370.0,
2017-12-20T22:06:52.000000Z,18060.0,18550.0,17492.5,18500.0,4810116.0,
2017-12-21T00:00:08.000000Z,18521.5,19045.0,18349.5,18644.0,5522807.0,
2017-12-21T02:00:16.000000Z,18601.5,19210.0,18150.0,19085.5,4022392.0,
2017-12-21T04:00:16.000000Z,19080.0,19319.0,18943.0,19031.5,4655314.0,
2017-12-21T06:01:35.000000Z,19004.0,19429.5,18850.5,19238.5,2657204.0,
2017-12-21T08:13:25.000000Z,18914.0,19200.5,18914.0,19033.5,1617497.0,
2017-12-21T10:02:28.000000Z,18860.5,18865.0,18605.5,18654.0,2581639.0,
2017-12-21T12:00:08.000000Z,18662.0,18904.0,18164.5,18165.0,1670187.0,
2017-12-21T14:00:02.000000Z,18168.5,18361.5,17053.0,17151.0,5199883.0,
2017-12-21T16:18:43.000000Z,17297.0,17453.5,16577.0,16676.5,3529738.0,
2017-12-21T18:10:17.000000Z,16701.0,17050.5,16699.5,17050.5,1589706.0,
2017-12-21T20:00:03.000000Z,16972.5,17171.0,16660.5,17159.0,1936426.0,
2017-12-21T22:00:01.000000Z,17151.0,17269.5,16938.0,17200.0,2068503.0,
2017-12-22T00:00:03.000000Z,17200.0,17337.0,15643.0,16053.0,9327355.0,
2017-12-22T02:03:57.000000Z,16093.0,16384.5,14191.5,15116.0,13796753.0,
2017-12-22T04:00:07.000000Z,15115.5,16100.0,14738.5,15299.0,8249457.0,
2017-12-22T06:00:03.000000Z,15315.5,15591.5,13800.0,14686.5,8205950.0,
2017-12-22T08:03:23.000000Z,14491.0,15225.0,14222.0,15122.0,5790027.0,
2017-12-22T10:00:03.000000Z,15115.5,15575.5,14840.5,15271.5,3440896.0,
2017-12-22T12:00:07.000000Z,15271.5,15431.0,13412.5,13718.5,5551245.0,
2017-12-22T14:04:04.000000Z,13300.0,14006.5,11505.0,13867.5,15294545.0,
2017-12-22T16:01:37.000000Z,13734.0,14204.0,13300.0,13629.5,9071564.0,
2017-12-22T18:03:33.000000Z,13500.0,14400.0,13272.0,14240.0,6845587.0,
2017-12-22T20:00:05.000000Z,14246.0,15300.0,14125.0,15015.0,8226824.0,
2017-12-22T22:00:57.000000Z,14914.5,15752.5,14132.5,14469.5,6114063.0,
2017-12-23T00:01:27.000000Z,14535.0,15150.0,14303.0,15050.0,7239270.0,
2017-12-23T02:01:19.000000Z,15195.0,15898.5,15137.0,15898.5,3112487.0,
2017-12-23T04:07:38.000000Z,15673.0,15960.5,14642.0,14892.0,3824234.0,
2017-12-23T06:00:03.000000Z,14905.0,15388.5,14329.5,15191.5,3611107.0,
2017-12-23T08:00:07.000000Z,15134.0,15630.0,14831.5,15441.0,5027974.0,
2017-12-23T10:01:05.000000Z,15460.0,16153.0,15000.0,16150.5,4140671.0,
2017-12-23T12:00:07.000000Z,16150.5,16150.5,15555.0,15869.0,2915647.0,
2017-12-23T14:00:31.000000Z,15850.5,16354.5,15349.5,15524.5,7004649.0,
2017-12-23T16:00:57.000000Z,15536.0,15945.5,15389.5,15500.0,3817009.0,
2017-12-23T18:01:30.000000Z,15720.0,15786.0,15428.0,15545.0,4241075.0,
2017-12-23T20:01:28.000000Z,15488.5,16089.5,15481.5,15935.0,3625658.0,
2017-12-23T22:00:17.000000Z,16028.5,16044.0,14800.0,15039.5,6452302.0,
2017-12-24T00:00:12.000000Z,15121.0,15159.0,14500.0,14620.5,12823538.0,
2017-12-24T02:00:32.000000Z,14610.5,14746.0,14011.0,14683.0,5273253.0,
2017-12-24T04:00:10.000000Z,14663.0,14730.0,14100.0,14659.0,3365334.0,
2017-12-24T06:00:10.000000Z,14702.0,15000.0,14551.5,14727.5,3483847.0,
2017-12-24T08:06:55.000000Z,14558.5,14876.5,13987.0,14053.5,2949465.0,
2017-12-24T10:00:14.000000Z,14050.0,14050.5,13130.5,13172.0,5410263.0,
2017-12-24T12:00:37.000000Z,13330.0,13999.0,12580.0,13999.0,10697207.0,
2017-12-24T14:00:04.000000Z,13998.5,14300.0,13621.0,13863.0,9385252.0,
2017-12-24T16:00:07.000000Z,13885.0,14219.5,13667.5,13717.0,5854487.0,
2017-12-24T18:01:52.000000Z,13448.0,13655.5,12818.5,13177.5,10163686.0,
2017-12-24T20:00:05.000000Z,13161.5,14014.5,13143.0,13657.5,4442939.0,
2017-12-24T22:02:54.000000Z,13542.0,14580.0,13459.5,14577.0,4936070.0,
2017-12-25T00:00:11.000000Z,14604.5,14779.0,14265.5,14626.5,5797279.0,
2017-12-25T02:00:02.000000Z,14626.5,14626.5,13988.5,14039.0,5725734.0,
2017-12-25T04:00:03.000000Z,14034.0,14648.0,13765.0,14560.0,3732848.0,
2017-12-25T06:00:10.000000Z,14580.5,14936.0,14350.0,14629.5,3258397.0,
2017-12-25T08:00:39.000000Z,14690.0,15099.0,14429.5,14685.0,6292533.0,
2017-12-25T10:00:13.000000Z,14685.0,15124.5,14591.5,14919.5,3446617.0,
2017-12-25T12:00:16.000000Z,14951.0,15285.0,14309.0,14396.0,6539255.0,
2017-12-25T14:03:28.000000Z,14301.0,14484.0,14039.0,14312.0,4242993.0,
2017-12-25T16:00:02.000000Z,14295.5,14577.0,14101.0,14280.0,3186312.0,
2017-12-25T18:06:30.000000Z,14305.0,14682.5,14298.0,14402.0,3278748.0,
2017-12-25T20:00:16.000000Z,14400.5,14493.0,13832.0,14140.0,3364622.0,
2017-12-25T22:04:59.000000Z,14021.0,14560.5,13921.0,14359.5,2640412.0,
2017-12-26T00:00:21.000000Z,14359.5,14804.5,14234.0,14377.0,4508380.0,
2017-12-26T02:00:32.000000Z,14399.5,15359.5,14337.5,15313.5,4070422.0,
2017-12-26T04:00:05.000000Z,15305.5,16300.0,15203.5,15966.0,7555699.0,
2017-12-26T06:00:15.000000Z,15966.0,16400.0,15958.0,16240.5,2893938.0,
2017-12-26T08:00:33.000000Z,16231.0,16322.5,15866.0,16214.0,1863921.0,
2017-12-26T10:09:49.000000Z,16265.0,16265.0,15924.0,16023.0,2024413.0,
2017-12-26T12:13:56.000000Z,15855.0,16499.5,15850.0,16346.0,4033780.0,
2017-12-26T14:00:02.000000Z,16337.5,17007.5,16337.5,16927.0,2726220.0,
2017-12-26T16:14:29.000000Z,17237.5,17323.0,16816.0,16864.0,6580004.0,
2017-12-26T18:00:01.000000Z,16929.0,17265.5,16800.0,17183.0,4601121.0,
2017-12-26T20:07:09.000000Z,17266.5,17440.0,17000.0,17280.5,4199181.0,
2017-12-26T22:00:04.000000Z,17280.5,17391.0,16848.0,17046.5,4699903.0,
2017-12-27T00:00:10.000000Z,17028.0,17507.5,16778.0,17381.0,9347059.0,
2017-12-27T02:00:26.000000Z,17380.5,17408.0,17175.0,17393.5,6506052.0,
2017-12-27T04:00:11.000000Z,17392.0,18114.0,17392.0,18000.0,13704618.0,
2017-12-27T06:00:27.000000Z,18010.0,18153.0,17557.0,17742.5,9883932.0,
2017-12-27T08:00:13.000000Z,17750.5,17841.5,17065.0,17244.0,9878005.0,
2017-12-27T10:00:09.000000Z,17238.0,17311.0,16670.0,16993.0,11437976.0,
2017-12-27T12:00:05.000000Z,16995.0,17339.0,16825.0,17146.0,7996365.0,
2017-12-27T14:00:19.000000Z,17145.5,17210.5,16459.0,16608.5,12418709.0,
2017-12-27T16:00:03.000000Z,16608.5,16733.5,15801.5,16266.0,23309297.0,
2017-12-27T18:00:11.000000Z,16266.0,16659.5,16084.0,16181.5,9829604.0,
2017-12-27T20:00:07.000000Z,16216.0,16535.5,15821.5,16504.0,10683649.0,
2017-12-27T22:00:01.000000Z,16504.0,16808.0,16400.0,16651.0,11983820.0,
2017-12-28T00:00:25.000000Z,16675.5,16803.5,16240.5,16783.5,8019692.0,
2017-12-28T02:00:08.000000Z,16783.5,16830.5,15200.0,15759.0,25484574.0,
2017-12-28T04:00:20.000000Z,15792.0,16102.0,14662.5,14703.0,23107656.0,
2017-12-28T06:00:02.000000Z,14703.5,15271.0,14664.5,15120.5,18730741.0,
2017-12-28T08:00:07.000000Z,15121.0,15439.0,14823.0,15283.5,8641244.0,
2017-12-28T10:00:05.000000Z,15283.5,15394.0,14395.0,14769.5,11118884.0,
2017-12-28T12:00:42.000000Z,14792.5,15265.5,14548.5,15064.5,8077486.0,
2017-12-28T14:00:11.000000Z,15063.5,15544.0,14729.5,15234.5,13068705.0,
2017-12-28T16:00:15.000000Z,15184.5,15408.5,14602.5,15043.0,11924110.0,
2017-12-28T18:00:17.000000Z,15041.5,15094.5,14283.0,14866.5,9851246.0,
2017-12-28T20:00:04.000000Z,14888.5,15075.5,14644.5,14938.0,7848863.0,
2017-12-28T22:00:03.000000Z,14938.0,15571.5,14899.5,15565.5,7752710.0,
2017-12-29T00:00:02.000000Z,15574.0,15649.0,15208.0,15469.5,6281669.0,
2017-12-29T02:00:03.000000Z,15470.0,16270.0,15470.0,16117.0,11379581.0,
2017-12-29T04:00:02.000000Z,16117.0,16300.0,15851.5,16193.5,6318529.0,
2017-12-29T06:00:03.000000Z,16203.0,16397.5,15727.0,15780.0,7765864.0,
2017-12-29T08:00:02.000000Z,15780.0,15882.0,15090.0,15090.0,13651379.0,
2017-12-29T10:00:02.000000Z,15090.0,15457.0,14838.5,15404.0,21209960.0,
2017-12-29T12:00:07.000000Z,15403.5,15495.0,14847.5,15285.0,17720817.0,
2017-12-29T14:00:01.000000Z,15280.0,15553.5,15246.5,15481.5,17519259.0,
2017-12-29T16:00:01.000000Z,15481.5,15919.0,15423.5,15617.0,6772912.0,
2017-12-29T18:00:10.000000Z,15629.5,15721.5,15421.5,15719.0,5609256.0,
2017-12-29T20:00:10.000000Z,15719.0,15749.5,15273.0,15350.0,11128079.0,
2017-12-29T22:00:08.000000Z,15394.0,15817.0,15319.5,15503.0,6803515.0,
2017-12-30T00:00:08.000000Z,15500.0,15534.5,14405.0,14605.5,20485492.0,
2017-12-30T02:00:04.000000Z,14560.5,14688.0,13418.0,13962.5,42505230.0,
2017-12-30T04:00:08.000000Z,13950.0,14120.5,13111.0,13834.5,26133775.0,
2017-12-30T06:00:25.000000Z,13859.0,14130.5,13603.5,14039.5,8397014.0,
2017-12-30T08:01:00.000000Z,14056.0,14071.5,13685.0,13765.0,12368927.0,
2017-12-30T10:00:03.000000Z,13772.5,14000.0,13550.5,13934.5,9875534.0,
2017-12-30T12:00:37.000000Z,13880.5,13897.5,12050.0,12700.0,43780261.0,
2017-12-30T14:00:14.000000Z,12700.5,12937.5,12419.5,12707.5,20496014.0,
2017-12-30T16:00:08.000000Z,12669.0,12814.5,11722.0,12747.5,23347586.0,
2017-12-30T18:00:02.000000Z,12748.0,13300.0,12523.0,13275.5,10467912.0,
2017-12-30T20:00:02.000000Z,13268.0,13279.5,12799.5,12998.0,8033532.0,
2017-12-30T22:00:09.000000Z,12984.0,13113.5,12610.0,12642.0,8331693.0,
2017-12-31T00:00:02.000000Z,12642.0,13476.5,12414.0,13239.0,14066493.0,
2017-12-31T02:00:04.000000Z,13222.0,13642.5,13074.0,13330.5,14020985.0,
2017-12-31T04:00:09.000000Z,13320.5,13415.5,12950.0,13004.5,9094139.0,
2017-12-31T06:00:08.000000Z,12978.0,13240.0,12813.5,13220.0,7296089.0,
2017-12-31T08:00:04.000000Z,13241.5,13343.5,12605.0,12640.0,8556756.0,
2017-12-31T10:00:02.000000Z,12640.0,13705.5,12600.0,13547.0,18327803.0,
2017-12-31T12:00:04.000000Z,13546.0,13876.5,13382.5,13585.0,13950978.0,
2017-12-31T14:00:21.000000Z,13608.5,13981.0,13565.0,13741.5,9618177.0,
2017-12-31T16:00:09.000000Z,13742.0,15318.5,13742.0,14845.0,35680413.0,
2017-12-31T18:00:01.000000Z,14851.5,14944.0,14610.0,14829.5,6490016.0,
2017-12-31T20:00:02.000000Z,14830.0,15167.5,14803.0,14847.0,9030280.0,
2017-12-31T22:00:05.000000Z,14842.0,14955.0,14652.0,14673.5,8416466.0,
2018-01-01T00:00:03.000000Z,14673.5,14701.0,14018.5,14080.0,14927917.0,
2018-01-01T02:00:03.000000Z,14079.5,14410.0,14033.0,14211.0,8238569.0,
2018-01-01T04:00:02.000000Z,14219.0,14481.5,14046.0,14293.5,5933005.0,
2018-01-01T06:03:27.000000Z,14281.0,14780.5,14244.0,14455.0,5869439.0,
2018-01-01T08:00:34.000000Z,14411.0,14600.0,14210.0,14373.0,4481274.0,
2018-01-01T10:02:12.000000Z,14375.0,14418.5,13605.0,13855.5,12344984.0,
2018-01-01T12:00:40.000000Z,13852.0,13910.0,13413.5,13706.0,7763216.0,
2018-01-01T14:00:01.000000Z,13709.0,14112.0,13333.0,13920.0,9577018.0,
2018-01-01T16:00:11.000000Z,13913.0,13964.0,13682.5,13725.0,7843593.0,
2018-01-01T18:00:01.000000Z,13725.0,14111.0,13689.5,14079.5,4972390.0,
2018-01-01T20:00:11.000000Z,14109.5,14698.0,14095.0,14473.5,13871167.0,
2018-01-01T22:00:46.000000Z,14474.0,14631.5,14256.0,14300.0,8709351.0,
2018-01-02T00:00:12.000000Z,14306.5,14916.5,14306.5,14652.5,10320531.0,
2018-01-02T02:00:22.000000Z,14643.5,14686.5,14100.0,14190.0,12474222.0,
2018-01-02T04:00:03.000000Z,14189.0,14261.5,13600.0,13917.5,13144014.0,
2018-01-02T06:00:21.000000Z,13928.5,14168.0,13819.5,14144.5,6500522.0,
2018-01-02T08:00:06.000000Z,14149.5,14444.0,14108.0,14367.5,8020229.0,
2018-01-02T10:00:17.000000Z,14389.0,14648.0,14385.0,14497.0,6836110.0,
2018-01-02T12:00:04.000000Z,14498.5,15062.0,14468.0,15005.0,15013506.0,
2018-01-02T14:00:03.000000Z,15005.0,15027.5,14617.0,14730.5,8016383.0,
2018-01-02T16:00:12.000000Z,14742.0,14996.0,14659.5,14943.5,6524364.0,
2018-01-02T18:00:02.000000Z,14944.5,16250.0,14940.0,15989.5,25370200.0,
2018-01-02T20:00:12.000000Z,16002.0,16400.0,15848.0,15990.5,12551100.0,
2018-01-02T22:00:01.000000Z,16000.0,16263.5,15707.0,15865.0,8505811.0,
2018-01-03T00:00:12.000000Z,15865.5,16229.0,15852.5,16017.0,6355805.0,
2018-01-03T02:00:03.000000Z,16015.0,16492.5,15910.5,16006.0,11151476.0,
2018-01-03T04:00:17.000000Z,16052.0,16369.0,16015.5,16241.5,9267652.0,
2018-01-03T06:00:37.000000Z,16265.0,16792.0,16183.0,16576.5,10787910.0,
2018-01-03T08:00:14.000000Z,16575.0,16575.0,15835.5,15935.0,16148367.0,
2018-01-03T10:00:15.000000Z,15935.5,16057.5,15533.0,15939.5,9341754.0,
2018-01-03T12:00:07.000000Z,15938.5,16105.0,15548.0,16040.0,10318120.0,
2018-01-03T14:00:15.000000Z,16040.0,16200.0,15950.5,16200.0,7319574.0,
2018-01-03T16:00:04.000000Z,16200.0,16300.0,15917.0,15927.0,8214553.0,
2018-01-03T18:00:04.000000Z,15937.5,16026.0,15848.0,15867.5,3738700.0,
2018-01-03T20:00:04.000000Z,15874.0,16259.5,15840.0,16221.0,6567859.0,
2018-01-03T22:00:27.000000Z,16231.5,16478.0,16001.5,16374.0,7019540.0,
2018-01-04T00:00:02.000000Z,16379.0,16722.0,16144.0,16585.5,9826540.0,
2018-01-04T02:00:25.000000Z,16585.5,16735.0,16285.0,16291.5,7250789.0,
2018-01-04T04:00:09.000000Z,16283.5,16290.0,15815.0,15999.0,14775692.0,
2018-01-04T06:00:09.000000Z,15981.5,16186.0,15885.5,15955.0,6828207.0,
2018-01-04T08:00:44.000000Z,15952.5,16028.0,15101.0,15458.5,22725891.0,
2018-01-04T10:00:27.000000Z,15455.5,15640.0,15315.0,15563.0,8507815.0,
2018-01-04T12:00:15.000000Z,15563.0,15627.5,15200.0,15591.5,7767802.0,
2018-01-04T14:00:09.000000Z,15599.5,15775.0,15509.5,15632.0,5589116.0,
2018-01-04T16:00:14.000000Z,15632.0,15826.0,15435.0,15786.5,4152312.0,
2018-01-04T18:00:10.000000Z,15786.5,16258.0,15770.0,16134.5,6820621.0,
2018-01-04T20:00:06.000000Z,16150.0,16267.0,16027.0,16124.0,6669532.0,
2018-01-04T22:00:11.000000Z,16124.0,16337.5,16052.0,16298.5,8122162.0,
2018-01-05T00:00:25.000000Z,16300.0,16300.0,16069.0,16215.0,4112237.0,
2018-01-05T02:00:14.000000Z,16210.0,16424.5,16106.5,16173.5,5822393.0,
2018-01-05T04:00:15.000000Z,16173.5,16325.0,15954.0,16264.0,5611761.0,
2018-01-05T06:00:19.000000Z,16264.0,16296.0,16021.0,16174.0,3320585.0,
2018-01-05T08:00:02.000000Z,16158.0,17573.5,16122.0,17374.0,30651918.0,
2018-01-05T10:00:01.000000Z,17357.5,17641.0,17300.5,17500.0,10993375.0,
2018-01-05T12:00:03.000000Z,17500.0,17550.0,17259.5,17452.5,8339252.0,
2018-01-05T14:00:03.000000Z,17452.5,17608.5,17293.0,17500.0,7596601.0,
2018-01-05T16:00:03.000000Z,17500.0,18000.0,17500.0,17727.5,20084365.0,
2018-01-05T18:00:03.000000Z,17727.5,17848.5,17504.0,17789.0,8242460.0,
2018-01-05T20:00:03.000000Z,17789.5,18071.0,17600.0,17813.0,12962627.0,
2018-01-05T22:00:02.000000Z,17813.0,18165.5,17760.5,18070.0,13473572.0,
2018-01-06T00:00:29.000000Z,18067.5,18132.5,17800.0,18099.0,10072865.0,
2018-01-06T02:00:02.000000Z,18099.0,18134.0,17531.5,17650.5,14799318.0,
2018-01-06T04:00:04.000000Z,17647.5,17794.0,17524.5,17729.0,6603239.0,
2018-01-06T06:00:31.000000Z,17740.0,17804.0,17424.5,17586.0,6659416.0,
2018-01-06T08:00:02.000000Z,17560.5,17711.0,17473.5,17514.5,4598310.0,
2018-01-06T10:00:02.000000Z,17515.0,17878.0,17500.0,17729.5,6491352.0,
2018-01-06T12:00:04.000000Z,17730.0,17730.0,17371.0,17500.0,9980474.0,
2018-01-06T14:00:02.000000Z,17493.5,17950.0,17480.0,17845.5,5944200.0,
2018-01-06T16:00:02.000000Z,17877.5,18307.0,17811.5,18235.0,9348158.0,
2018-01-06T18:00:12.000000Z,18240.5,18423.0,17839.5,18037.5,12574642.0,
2018-01-06T20:00:02.000000Z,18039.0,18212.0,17963.5,18154.0,2781594.0,
2018-01-06T22:00:41.000000Z,18162.0,18780.0,18162.0,18595.0,19299625.0,
2018-01-07T00:00:17.000000Z,18595.5,18657.0,18327.0,18500.0,8854726.0,
2018-01-07T02:00:01.000000Z,18491.0,18491.0,18090.0,18214.5,7663995.0,
2018-01-07T04:00:12.000000Z,18204.0,18468.5,18090.0,18326.0,10353720.0,
2018-01-07T06:00:21.000000Z,18323.0,18408.0,18050.0,18321.0,7817152.0,
2018-01-07T08:00:20.000000Z,18350.0,18600.0,18160.5,18262.0,6415465.0,
2018-01-07T10:00:01.000000Z,18262.0,18517.0,18255.0,18348.5,5451012.0,
2018-01-07T12:00:07.000000Z,18350.0,18413.0,17883.0,18008.5,17472892.0,
2018-01-07T14:00:17.000000Z,18018.5,18238.5,17968.5,18138.0,4649789.0,
2018-01-07T16:00:08.000000Z,18138.0,18156.0,17381.0,17544.0,22329337.0,
2018-01-07T18:00:02.000000Z,17544.0,17811.0,17490.5,17682.5,15758442.0,
2018-01-07T20:00:03.000000Z,17679.0,17917.0,17500.0,17796.5,5421107.0,
2018-01-07T22:00:09.000000Z,17803.0,18109.5,17783.0,17804.0,10124210.0,
2018-01-08T00:00:13.000000Z,17826.0,17996.5,17241.0,17382.0,14839600.0,
2018-01-08T02:00:32.000000Z,17373.5,17554.5,16900.0,17255.0,16382112.0,
2018-01-08T04:00:16.000000Z,17241.5,17626.5,17161.5,17546.5,8281920.0,
2018-01-08T06:00:44.000000Z,17528.0,17624.5,17460.0,17581.0,5001527.0,
2018-01-08T08:01:29.000000Z,17599.5,17604.5,16600.0,16672.0,19228030.0,
2018-01-08T10:00:01.000000Z,16672.0,16990.0,16634.0,16923.0,9237133.0,
2018-01-08T12:00:04.000000Z,16946.0,16995.5,15571.0,15943.5,30884157.0,
2018-01-08T14:00:19.000000Z,15944.0,16081.0,14700.0,15577.0,48054529.0,
2018-01-08T16:00:01.000000Z,15577.0,15971.0,15258.0,15765.5,19163631.0,
2018-01-08T18:00:08.000000Z,15774.0,16177.0,15678.5,16082.5,15116583.0,
2018-01-08T20:00:12.000000Z,16082.5,16167.5,15589.0,15907.0,7601756.0,
2018-01-08T22:00:01.000000Z,15907.0,16014.5,15397.0,15884.0,11987746.0,
2018-01-09T00:00:10.000000Z,15883.5,16325.0,15799.0,16279.5,9226970.0,
2018-01-09T02:00:12.000000Z,16254.0,16323.0,16077.0,16129.5,6601504.0,
2018-01-09T04:00:03.000000Z,16142.0,16375.5,15911.0,16020.0,6107665.0,
2018-01-09T06:00:19.000000Z,16019.0,16253.5,15771.0,16151.5,10008430.0,
2018-01-09T08:00:10.000000Z,16154.5,16381.0,15798.5,15799.5,6672856.0,
2018-01-09T10:00:01.000000Z,15800.0,15918.0,15505.0,15876.0,9724520.0,
2018-01-09T12:00:20.000000Z,15863.0,16058.5,15315.0,15375.0,16435697.0,
2018-01-09T14:00:03.000000Z,15392.0,15917.5,15301.5,15891.5,13288156.0,
2018-01-09T16:00:04.000000Z,15894.0,16228.5,15734.5,16182.0,9415516.0,
2018-01-09T18:00:23.000000Z,16124.5,16229.0,15903.0,15969.0,5115736.0,
2018-01-09T20:01:08.000000Z,15978.5,16066.5,15753.0,15754.5,3901848.0,
2018-01-09T22:00:23.000000Z,15753.0,15990.0,15373.0,15617.0,8760348.0,
2018-01-10T00:00:25.000000Z,15626.0,15678.0,14781.0,15147.5,26920201.0,
2018-01-10T02:00:02.000000Z,15146.5,15335.0,15080.0,15113.0,5742580.0,
2018-01-10T04:00:18.000000Z,15122.0,15537.5,15040.0,15366.5,13017426.0,
2018-01-10T06:00:32.000000Z,15356.0,15589.5,15210.5,15299.5,8726143.0,
2018-01-10T08:00:03.000000Z,15292.0,15292.0,14329.5,14730.0,26697355.0,
2018-01-10T10:00:04.000000Z,14737.0,15079.0,14674.0,14997.5,6755588.0,
2018-01-10T12:00:32.000000Z,14995.0,15075.5,14788.5,14816.5,6351322.0,
2018-01-10T14:00:18.000000Z,14815.0,15484.0,14464.5,15392.5,19295186.0,
2018-01-10T16:00:04.000000Z,15390.5,15809.0,15390.5,15776.0,15219995.0,
2018-01-10T18:00:04.000000Z,15776.0,15956.5,15499.5,15564.5,11179881.0,
2018-01-10T20:00:04.000000Z,15558.5,15908.0,15478.0,15760.0,5489489.0,
2018-01-10T22:00:10.000000Z,15755.0,16153.0,15481.0,16115.0,8149054.0,
2018-01-11T00:00:04.000000Z,16114.0,16133.0,15582.5,15685.0,9819683.0,
2018-01-11T02:00:04.000000Z,15685.0,15788.5,13451.0,14022.0,30342873.0,
2018-01-11T04:00:05.000000Z,14021.5,14279.0,13281.0,13815.5,51886854.0,
2018-01-11T06:00:03.000000Z,13816.5,14457.0,13773.5,14408.0,22782740.0,
2018-01-11T08:00:20.000000Z,14400.0,14648.5,14198.0,14360.0,9757301.0,
2018-01-11T10:00:08.000000Z,14360.0,14439.5,13969.5,14252.0,9858987.0,
2018-01-11T12:00:05.000000Z,14246.5,14720.0,14241.0,14553.5,10906400.0,
2018-01-11T14:00:10.000000Z,14565.0,15070.0,14365.0,14814.5,11979719.0,
2018-01-11T16:00:27.000000Z,14803.5,14959.0,14414.0,14425.5,7123838.0,
2018-01-11T18:00:02.000000Z,14425.5,14766.5,13900.0,14146.0,12900367.0,
2018-01-11T20:00:15.000000Z,14135.5,14349.5,13800.0,14345.0,12186670.0,
2018-01-11T22:00:09.000000Z,14345.0,14391.5,13694.0,14129.0,16744815.0,
2018-01-12T00:00:02.000000Z,14128.0,14423.0,13603.5,14365.0,19737317.0,
2018-01-12T02:00:03.000000Z,14418.5,14640.0,14206.5,14538.0,9302046.0,
2018-01-12T04:00:02.000000Z,14552.5,14655.5,14180.5,14441.0,9015038.0,
2018-01-12T06:00:02.000000Z,14406.5,14766.0,14400.0,14443.5,7328030.0,
2018-01-12T08:00:02.000000Z,14448.0,14476.5,14056.0,14222.5,8652486.0,
2018-01-12T10:00:13.000000Z,14230.0,15113.5,14230.0,14829.5,11758801.0,
2018-01-12T12:01:08.000000Z,14813.0,14900.0,14593.5,14658.5,5956415.0,
2018-01-12T14:00:16.000000Z,14661.5,14782.0,14356.0,14375.0,5198099.0,
2018-01-12T16:00:13.000000Z,14380.5,14520.0,14026.0,14233.0,12111696.0,
2018-01-12T18:00:03.000000Z,14233.0,14570.0,14100.0,14500.5,5897765.0,
2018-01-12T20:00:06.000000Z,14512.5,14783.0,14420.0,14527.5,5971954.0,
2018-01-12T22:00:17.000000Z,14527.5,14660.0,14339.0,14603.5,3827644.0,
2018-01-13T00:00:12.000000Z,14624.0,15324.0,14580.5,15117.5,12264276.0,
2018-01-13T02:00:03.000000Z,15110.0,15156.0,14866.0,15041.0,4002475.0,
2018-01-13T04:00:03.000000Z,15036.0,15242.5,14957.5,15092.0,4482043.0,
2018-01-13T06:00:06.000000Z,15092.0,15327.0,14910.5,15244.0,3491679.0,
2018-01-13T08:00:03.000000Z,15244.0,15244.0,14928.0,15060.0,6923684.0,
2018-01-13T10:00:06.000000Z,15060.0,15184.0,14957.0,15154.5,4447580.0,
2018-01-13T12:00:03.000000Z,15154.5,15523.5,15102.5,15487.0,8695760.0,
2018-01-13T14:00:10.000000Z,15486.5,15533.0,15088.0,15123.5,7862400.0,
2018-01-13T16:00:31.000000Z,15133.5,15300.0,15066.0,15201.0,2422542.0,
2018-01-13T18:00:40.000000Z,15179.5,15263.0,14713.5,14906.0,7611247.0,
2018-01-13T20:00:14.000000Z,14884.0,15180.5,14826.5,15086.0,8636849.0,
2018-01-13T22:00:11.000000Z,15070.0,15262.5,15040.5,15090.5,2414298.0,
2018-01-14T00:00:14.000000Z,15094.5,15276.0,15030.0,15188.5,1822716.0,
2018-01-14T02:00:02.000000Z,15188.5,15236.0,15062.0,15110.0,1133676.0,
2018-01-14T04:00:17.000000Z,15118.5,15153.5,14229.5,14518.0,10965562.0,
2018-01-14T06:00:04.000000Z,14536.5,14672.5,14407.5,14446.0,2985985.0,
2018-01-14T08:00:37.000000Z,14447.5,14519.5,13803.0,14238.0,12646458.0,
2018-01-14T10:00:03.000000Z,14250.0,14351.0,14064.5,14148.5,3631267.0,
2018-01-14T12:00:22.000000Z,14143.0,14175.0,13750.0,14102.5,12352526.0,
2018-01-14T14:00:13.000000Z,14102.5,14121.5,13498.0,13600.5,13477206.0,
2018-01-14T16:00:02.000000Z,13616.5,13957.0,13477.5,13912.0,7943939.0,
2018-01-14T18:00:31.000000Z,13905.0,14073.5,13761.5,13762.5,3988457.0,
2018-01-14T20:00:03.000000Z,13763.0,14140.0,13753.5,13837.5,4761774.0,
2018-01-14T22:00:10.000000Z,13860.0,14219.5,13860.0,14096.0,6177880.0,
2018-01-15T00:00:05.000000Z,14095.5,14336.5,14066.0,14186.5,4803270.0,
2018-01-15T02:00:38.000000Z,14149.5,14206.5,13900.0,14040.0,5792831.0,
2018-01-15T04:01:46.000000Z,14083.0,14236.0,14052.5,14151.5,2869376.0,
2018-01-15T06:00:16.000000Z,14162.5,14398.0,14162.5,14166.5,5967296.0,
2018-01-15T08:00:10.000000Z,14167.0,14334.0,13952.5,14268.0,8016733.0,
2018-01-15T10:00:14.000000Z,14270.0,14497.5,14045.0,14328.5,10463018.0,
2018-01-15T12:00:07.000000Z,14330.5,15144.0,14211.5,14937.5,18029141.0,
2018-01-15T14:00:08.000000Z,14937.5,15113.5,14808.5,14870.0,7073376.0,
2018-01-15T16:00:12.000000Z,14870.0,15000.0,14704.0,14704.5,9940932.0,
2018-01-15T18:00:17.000000Z,14704.0,14809.0,14405.0,14570.0,9080915.0,
2018-01-15T20:00:41.000000Z,14570.0,14699.0,14272.0,14630.5,5550041.0,
2018-01-15T22:01:29.000000Z,14630.5,14698.5,13967.0,14225.0,11233258.0,
2018-01-16T00:00:09.000000Z,14230.0,14230.0,12731.0,13261.5,49630768.0,
2018-01-16T02:00:04.000000Z,13284.0,13438.0,12885.0,13144.0,21692015.0,
2018-01-16T04:00:04.000000Z,13175.5,13469.5,13000.0,13467.5,10116967.0,
2018-01-16T06:00:03.000000Z,13467.5,13545.0,12676.0,12740.0,14960449.0,
2018-01-16T08:00:02.000000Z,12739.5,12890.5,11100.0,11525.5,66465271.0,
2018-01-16T10:00:04.000000Z,11525.5,12356.5,11508.5,12305.0,37191416.0,
2018-01-16T12:00:15.000000Z,12315.5,12385.5,11624.0,11809.0,20927638.0,
2018-01-16T14:00:03.000000Z,11801.5,12575.0,11714.5,12466.5,22776220.0,
2018-01-16T16:00:04.000000Z,12467.0,12536.0,11360.0,11514.5,25863909.0,
2018-01-16T18:00:06.000000Z,11501.0,12205.5,11217.5,11795.0,28507003.0,
2018-01-16T20:00:03.000000Z,11795.0,11972.5,10612.0,11036.5,41159408.0,
2018-01-16T22:00:02.000000Z,11042.0,11842.5,10415.0,11596.5,41751263.0,
2018-01-17T00:00:10.000000Z,11606.0,11932.0,11310.0,11554.0,23422284.0,
2018-01-17T02:00:03.000000Z,11546.0,11692.0,10665.0,11153.0,21700500.0,
2018-01-17T04:00:05.000000Z,11160.0,11554.0,10840.0,11341.5,16551010.0,
2018-01-17T06:00:16.000000Z,11329.0,11855.5,11286.5,11418.0,23219181.0,
2018-01-17T08:00:30.000000Z,11414.5,11416.5,10455.5,10629.0,21008318.0,
2018-01-17T10:00:02.000000Z,10629.0,10935.0,10055.0,10301.0,40782530.0,
2018-01-17T12:00:05.000000Z,10301.0,11195.0,10105.5,10192.0,35754285.0,
2018-01-17T14:00:02.000000Z,10140.0,10490.5,9509.0,9853.0,49764276.0,
2018-01-17T16:00:05.000000Z,9853.0,10746.5,9797.0,10356.5,18795373.0,
2018-01-17T18:00:06.000000Z,10359.0,10997.0,10173.5,10854.5,16109684.0,
2018-01-17T20:00:03.000000Z,10854.0,11623.0,10735.5,11562.5,19983423.0,
2018-01-17T22:00:03.000000Z,11557.0,11692.0,10930.5,11439.5,21615611.0,
2018-01-18T00:00:05.000000Z,11457.0,11881.0,11078.0,11799.0,13919250.0,
2018-01-18T02:00:03.000000Z,11791.5,12073.5,11588.0,11598.0,12560758.0,
2018-01-18T04:00:14.000000Z,11595.5,11787.0,11209.0,11387.5,13228590.0,
2018-01-18T06:00:14.000000Z,11379.5,11672.5,10913.0,11011.0,11597461.0,
2018-01-18T08:00:04.000000Z,10985.5,11703.5,10950.0,11560.5,8975942.0,
2018-01-18T10:00:11.000000Z,11555.0,11905.0,11439.5,11801.0,7570254.0,
2018-01-18T12:00:29.000000Z,11786.5,12254.5,11773.0,11955.5,14842616.0,
2018-01-18T14:00:04.000000Z,11969.0,12374.5,11885.0,12145.0,13680847.0,
2018-01-18T16:00:05.000000Z,12131.0,12143.5,11586.5,11594.5,14438821.0,
2018-01-18T18:00:04.000000Z,11609.0,12028.0,11526.5,12024.0,9214520.0,
2018-01-18T20:00:15.000000Z,12022.0,12253.5,11595.0,11773.5,12284632.0,
2018-01-18T22:00:12.000000Z,11774.5,11774.5,11252.0,11459.0,14781578.0,
2018-01-19T00:00:08.000000Z,11441.5,11800.0,11365.5,11702.5,6442168.0,
2018-01-19T02:00:03.000000Z,11698.0,11713.0,11134.0,11295.0,12809428.0,
2018-01-19T04:01:29.000000Z,11295.5,12000.0,11183.5,11685.0,8930485.0,
2018-01-19T06:00:11.000000Z,11673.0,11927.5,11550.0,11633.5,6291721.0,
2018-01-19T08:00:02.000000Z,11621.0,12207.5,11414.5,12035.5,15279188.0,
2018-01-19T10:00:03.000000Z,12038.0,12319.0,11992.0,12066.0,7160137.0,
2018-01-19T12:00:29.000000Z,12080.0,12396.0,12070.5,12092.5,10666571.0,
2018-01-19T14:00:24.000000Z,12095.5,12205.0,11772.5,11957.5,9179386.0,
2018-01-19T16:00:03.000000Z,11957.5,12168.5,11600.0,11700.0,11199143.0,
2018-01-19T18:00:03.000000Z,11700.0,11772.0,11420.5,11694.5,9229603.0,
2018-01-19T20:00:03.000000Z,11704.0,12048.0,11611.0,11804.5,5190525.0,
2018-01-19T22:00:36.000000Z,11802.5,11935.0,11590.0,11934.5,7593717.0,
2018-01-20T00:00:03.000000Z,11923.0,12205.5,11923.0,12148.5,7520389.0,
2018-01-20T02:00:10.000000Z,12148.0,12300.0,11900.0,12191.5,4858980.0,
2018-01-20T04:00:31.000000Z,12191.0,13197.0,12007.5,13125.0,17047101.0,
2018-01-20T06:00:04.000000Z,13119.0,13200.0,12861.0,13073.0,6446154.0,
2018-01-20T08:00:32.000000Z,13068.5,13299.5,12901.0,12968.0,7117302.0,
2018-01-20T10:00:14.000000Z,12975.5,13055.0,12760.5,12793.0,4342828.0,
2018-01-20T12:00:15.000000Z,12813.0,13200.0,12704.0,12921.0,6094193.0,
2018-01-20T14:00:01.000000Z,12915.0,13228.5,12915.0,13004.0,4124724.0,
2018-01-20T16:00:15.000000Z,13011.5,13531.0,13011.5,13289.5,7657817.0,
2018-01-20T18:00:28.000000Z,13296.0,13399.5,13071.5,13117.0,8783877.0,
2018-01-20T20:00:15.000000Z,13154.5,13300.0,12984.5,13299.0,3812574.0,
2018-01-20T22:00:03.000000Z,13299.0,13368.5,13010.0,13088.0,4057357.0,
2018-01-21T00:00:18.000000Z,13081.0,13100.0,12655.0,12814.0,5467602.0,
2018-01-21T02:00:14.000000Z,12828.5,13040.0,12757.5,12804.5,3917552.0,
2018-01-21T04:00:01.000000Z,12792.5,12825.0,12351.0,12396.0,9168606.0,
2018-01-21T06:00:14.000000Z,12409.5,12538.5,12050.0,12291.0,8286214.0,
2018-01-21T08:00:04.000000Z,12277.5,12400.5,12026.0,12107.5,8924748.0,
2018-01-21T10:00:02.000000Z,12107.5,12520.0,12107.5,12518.5,3862486.0,
2018-01-21T12:00:05.000000Z,12549.0,12581.5,12311.5,12330.5,5204122.0,
2018-01-21T14:00:01.000000Z,12340.0,12430.5,11814.0,11935.5,11298062.0,
2018-01-21T16:00:04.000000Z,11935.5,11937.0,11411.5,11759.5,16221529.0,
2018-01-21T18:00:02.000000Z,11759.5,11948.5,11587.0,11783.0,6589186.0,
2018-01-21T20:00:43.000000Z,11782.5,11825.0,11445.5,11705.0,10493059.0,
2018-01-21T22:00:17.000000Z,11750.5,11950.0,11502.0,11946.0,5573713.0,
2018-01-22T00:00:04.000000Z,11950.5,12108.5,11721.5,11790.5,6788937.0,
2018-01-22T02:00:05.000000Z,11790.0,11953.5,11491.5,11834.0,13284069.0,
2018-01-22T04:00:03.000000Z,11834.0,12150.0,11639.5,11764.5,7927160.0,
2018-01-22T06:00:05.000000Z,11749.5,12058.0,11720.5,12009.5,4334669.0,
2018-01-22T08:00:14.000000Z,12010.0,12198.5,11923.5,12068.5,5668652.0,
2018-01-22T10:01:04.000000Z,12048.5,12051.5,11509.0,11518.0,6494568.0,
2018-01-22T12:00:04.000000Z,11518.0,11599.5,10414.0,10750.0,27225728.0,
2018-01-22T14:00:03.000000Z,10750.0,10942.5,10331.0,10499.0,18296682.0,
2018-01-22T16:00:05.000000Z,10504.0,10785.5,10431.0,10616.5,10398835.0,
2018-01-22T18:00:03.000000Z,10613.0,10739.0,10395.0,10677.0,7529651.0,
2018-01-22T20:00:03.000000Z,10675.0,10690.0,10005.0,10409.5,14992100.0,
2018-01-22T22:00:05.000000Z,10424.0,10943.5,10335.5,10862.0,8503994.0,
2018-01-23T00:00:10.000000Z,10855.0,11133.0,10713.0,10828.5,13097399.0,
2018-01-23T02:00:32.000000Z,10838.5,11098.0,10792.0,10968.5,3864523.0,
2018-01-23T04:00:03.000000Z,10972.5,11047.5,10272.0,10432.0,17532646.0,
2018-01-23T06:00:27.000000Z,10416.5,10610.0,10170.0,10330.5,11902282.0,
2018-01-23T08:00:13.000000Z,10329.5,10925.0,10224.5,10629.0,12819504.0,
2018-01-23T10:00:17.000000Z,10611.5,10695.5,9885.0,10163.5,22405952.0,
2018-01-23T12:00:04.000000Z,10165.0,10677.5,10058.0,10359.5,21233242.0,
2018-01-23T14:00:11.000000Z,10356.0,11051.5,10255.5,10886.0,16313945.0,
2018-01-23T16:00:02.000000Z,10886.0,11625.0,10880.0,11450.0,22929342.0,
2018-01-23T18:00:09.000000Z,11440.0,11663.0,11307.0,11373.0,10036924.0,
2018-01-23T20:00:02.000000Z,11360.5,11536.5,11290.0,11352.0,8455680.0,
2018-01-23T22:00:07.000000Z,11352.0,11581.5,11117.5,11174.0,9978845.0,
2018-01-24T00:00:03.000000Z,11175.5,11262.0,10814.0,10930.5,9225884.0,
2018-01-24T02:00:12.000000Z,10935.5,11260.5,10852.0,11178.5,5535932.0,
2018-01-24T04:00:39.000000Z,11168.0,11187.5,10721.5,10840.0,10841367.0,
2018-01-24T06:00:15.000000Z,10840.5,11410.5,10823.0,11179.5,8750860.0,
2018-01-24T08:00:03.000000Z,11180.0,11522.0,10974.5,11425.0,9168807.0,
2018-01-24T10:00:02.000000Z,11410.5,11566.5,11213.0,11375.0,10839853.0,
2018-01-24T12:00:05.000000Z,11400.0,11921.5,11257.5,11701.0,16325972.0,
2018-01-24T14:00:03.000000Z,11701.0,11844.0,11429.0,11451.5,10321048.0,
2018-01-24T16:00:06.000000Z,11465.5,11498.0,11205.5,11461.0,6980304.0,
2018-01-24T18:00:02.000000Z,11457.0,11642.0,11333.5,11580.5,5002285.0,
2018-01-24T20:00:33.000000Z,11582.0,11699.0,11461.5,11567.0,3773641.0,
2018-01-24T22:00:10.000000Z,11566.0,11839.5,11394.0,11779.5,3434242.0,
2018-01-25T00:00:02.000000Z,11779.5,11974.0,11660.0,11893.0,8681182.0,
2018-01-25T02:00:03.000000Z,11896.5,12149.0,11781.5,12054.0,9768225.0,
2018-01-25T04:00:22.000000Z,12037.5,12070.5,11761.5,11941.5,8348424.0,
2018-01-25T06:00:59.000000Z,11914.0,12020.5,11718.5,11827.0,4568469.0,
2018-01-25T08:00:14.000000Z,11822.5,11845.5,11501.0,11671.0,7105435.0,
2018-01-25T10:00:21.000000Z,11688.5,11767.0,11498.0,11520.0,6512256.0,
2018-01-25T12:00:47.000000Z,11497.5,11648.0,11349.5,11602.5,6293937.0,
2018-01-25T14:00:11.000000Z,11599.0,11656.0,11143.5,11299.0,6525611.0,
2018-01-25T16:00:02.000000Z,11313.0,11468.0,11233.0,11356.0,5188902.0,
2018-01-25T18:00:02.000000Z,11361.0,11685.0,11360.0,11581.0,5297978.0,
2018-01-25T20:00:28.000000Z,11557.0,11754.5,11477.5,11603.5,5058254.0,
2018-01-25T22:00:05.000000Z,11597.0,11678.5,11372.0,11491.5,3697562.0,
2018-01-26T00:00:10.000000Z,11490.5,11832.5,11443.0,11699.0,5632072.0,
2018-01-26T02:00:02.000000Z,11699.0,12149.5,11699.0,11965.0,8544119.0,
2018-01-26T04:00:15.000000Z,11966.0,12011.0,11682.5,11739.0,5074012.0,
2018-01-26T06:00:01.000000Z,11739.0,11885.0,11355.5,11391.0,8705548.0,
2018-01-26T08:00:03.000000Z,11391.0,11417.0,10511.5,10658.0,41486414.0,
2018-01-26T10:00:02.000000Z,10658.0,10788.0,10533.5,10674.5,11698813.0,
2018-01-26T12:00:04.000000Z,10674.5,10886.0,10525.0,10678.0,13737467.0,
2018-01-26T14:00:07.000000Z,10665.5,11257.5,10665.5,11248.5,12770175.0,
2018-01-26T16:00:03.000000Z,11248.5,11523.5,11245.0,11498.5,15226227.0,
2018-01-26T18:00:12.000000Z,11498.5,11498.5,11151.5,11284.0,7614346.0,
2018-01-26T20:00:22.000000Z,11277.5,11399.0,11159.0,11236.0,7462196.0,
2018-01-26T22:00:02.000000Z,11236.5,11430.5,10995.5,11355.0,12810000.0,
2018-01-27T00:00:12.000000Z,11355.5,11500.0,11222.5,11268.5,6481368.0,
2018-01-27T02:00:04.000000Z,11263.5,11613.0,11176.5,11353.0,10330204.0,
2018-01-27T04:00:18.000000Z,11366.5,11984.0,11341.0,11831.5,14452665.0,
2018-01-27T06:00:03.000000Z,11820.0,11972.0,11614.0,11645.0,13704035.0,
2018-01-27T08:00:15.000000Z,11642.5,11791.0,11491.0,11638.5,10198709.0,
2018-01-27T10:00:35.000000Z,11655.0,11780.5,11183.5,11305.5,13534661.0,
2018-01-27T12:00:28.000000Z,11311.0,11440.5,11239.5,11392.5,5643924.0,
2018-01-27T14:00:32.000000Z,11390.0,12045.0,11271.0,11999.0,8969030.0,
2018-01-27T16:00:04.000000Z,11999.5,12067.5,11830.5,11895.0,8819052.0,
2018-01-27T18:00:32.000000Z,11886.0,12023.5,11827.0,11991.5,3800382.0,
2018-01-27T20:00:02.000000Z,11991.0,12155.5,11870.0,12003.0,8248024.0,
2018-01-27T22:00:04.000000Z,11986.0,12049.5,11727.5,11878.5,4821368.0,
2018-01-28T00:00:02.000000Z,11880.0,12072.5,11836.0,11933.5,4830327.0,
2018-01-28T02:00:13.000000Z,11933.0,12022.0,11809.5,11962.5,3342342.0,
2018-01-28T04:00:21.000000Z,11968.0,12548.0,11961.0,12409.5,16001560.0,
2018-01-28T06:00:03.000000Z,12408.5,12614.5,12391.0,12418.5,5982498.0,
2018-01-28T08:00:46.000000Z,12414.5,12505.5,12200.0,12340.5,6838951.0,
2018-01-28T10:00:24.000000Z,12360.5,12377.5,12194.0,12365.0,5203220.0,
2018-01-28T12:00:24.000000Z,12370.5,12477.0,11987.5,12180.5,9159706.0,
2018-01-28T14:00:03.000000Z,12180.5,12282.0,12065.0,12122.0,5335691.0,
2018-01-28T16:00:01.000000Z,12122.0,12304.5,12108.5,12233.0,3951650.0,
2018-01-28T18:00:10.000000Z,12237.0,12274.5,12085.5,12274.5,3322697.0,
2018-01-28T20:00:18.000000Z,12274.5,12400.0,12207.5,12397.0,3671506.0,
2018-01-28T22:00:20.000000Z,12394.0,12397.0,12231.0,12300.0,2623024.0,
2018-01-29T00:00:20.000000Z,12276.5,12414.0,11495.0,11830.5,17441867.0,
2018-01-29T02:00:02.000000Z,11833.0,11930.0,11691.0,11898.5,13398146.0,
2018-01-29T04:00:07.000000Z,11900.0,12007.5,11870.5,11919.0,4559679.0,
2018-01-29T06:01:15.000000Z,11907.0,11943.5,11589.0,11600.0,13905680.0,
2018-01-29T08:00:02.000000Z,11600.0,11788.0,11540.0,11688.5,4745838.0,
2018-01-29T10:01:00.000000Z,11713.0,11841.5,11400.0,11496.5,10628076.0,
2018-01-29T12:00:13.000000Z,11500.0,11642.0,11450.5,11628.5,4858609.0,
2018-01-29T14:00:39.000000Z,11638.5,11740.5,11516.0,11730.0,6702232.0,
2018-01-29T16:00:02.000000Z,11730.5,11806.5,11671.0,11713.5,4416266.0,
2018-01-29T18:00:10.000000Z,11732.5,11776.5,11556.5,11584.5,4000060.0,
2018-01-29T20:00:08.000000Z,11583.0,11703.5,11583.0,11682.0,2952414.0,
2018-01-29T22:01:07.000000Z,11668.0,11703.0,11432.0,11596.5,7651302.0,
2018-01-30T00:00:10.000000Z,11596.5,11638.0,11206.0,11228.5,7843383.0,
2018-01-30T02:00:05.000000Z,11233.5,11338.5,11129.0,11279.0,7630635.0,
2018-01-30T04:00:04.000000Z,11279.5,11395.5,11269.0,11286.0,3867629.0,
2018-01-30T06:00:04.000000Z,11281.5,11393.0,11179.0,11365.0,4485885.0,
2018-01-30T08:00:02.000000Z,11365.0,11419.5,11100.5,11159.0,9529809.0,
2018-01-30T10:00:12.000000Z,11161.0,11299.5,11074.5,11265.5,4526788.0,
2018-01-30T12:00:10.000000Z,11250.5,11332.5,10400.0,10575.0,27072301.0,
2018-01-30T14:00:01.000000Z,10575.0,10685.0,10270.0,10426.5,28055421.0,
2018-01-30T16:00:04.000000Z,10429.0,10582.0,10140.0,10230.0,12101078.0,
2018-01-30T18:00:07.000000Z,10212.0,10275.5,9650.0,10250.5,40105757.0,
2018-01-30T20:00:07.000000Z,10250.0,10253.0,9925.0,10174.5,16077686.0,
2018-01-30T22:00:11.000000Z,10179.0,10400.0,9850.5,10077.0,17672091.0,
2018-01-31T00:00:13.000000Z,10066.5,10127.5,9418.0,9757.5,33807139.0,
2018-01-31T02:00:22.000000Z,9754.0,10029.5,9736.0,9845.0,9581230.0,
2018-01-31T04:00:05.000000Z,9845.0,9934.0,9600.0,9876.0,10287299.0,
2018-01-31T06:00:14.000000Z,9889.0,10222.0,9820.5,10210.5,8721788.0,
2018-01-31T08:00:09.000000Z,10205.5,10287.5,9970.0,10120.0,9626308.0,
2018-01-31T10:00:03.000000Z,10124.5,10424.5,10051.0,10298.5,9425450.0,
2018-01-31T12:00:24.000000Z,10297.0,10390.0,10050.0,10088.5,8068883.0,
2018-01-31T14:00:36.000000Z,10084.5,10142.0,9810.0,9966.0,13321618.0,
2018-01-31T16:00:47.000000Z,9956.5,10125.0,9722.5,9993.0,10190731.0,
2018-01-31T18:00:11.000000Z,9992.5,10113.5,9909.5,10030.0,5950574.0,
2018-01-31T20:00:25.000000Z,10047.0,10147.0,9992.0,10061.0,3567514.0,
2018-01-31T22:01:24.000000Z,10060.0,10291.5,10049.5,10267.5,7936964.0,
2018-02-01T00:00:03.000000Z,10264.0,10310.0,10128.5,10177.5,8850850.0,
2018-02-01T02:00:49.000000Z,10178.0,10247.5,9869.5,9934.0,9933713.0,
2018-02-01T04:00:03.000000Z,9930.5,10315.0,9884.0,10241.5,11633454.0,
2018-02-01T06:00:02.000000Z,10233.5,10240.5,10036.0,10054.0,6487209.0,
2018-02-01T08:00:11.000000Z,10049.5,10049.5,9486.0,9532.0,20528848.0,
2018-02-01T10:00:04.000000Z,9532.0,9632.0,9357.5,9497.0,15182502.0,
2018-02-01T12:00:40.000000Z,9500.0,9572.5,9093.0,9190.0,23884153.0,
2018-02-01T14:00:02.000000Z,9198.0,9450.0,9138.0,9239.5,11007692.0,
2018-02-01T16:00:19.000000Z,9238.5,9246.0,8850.0,9014.0,26123637.0,
2018-02-01T18:00:03.000000Z,9013.5,9119.5,8693.0,8813.5,14841157.0,
2018-02-01T20:00:06.000000Z,8813.5,9425.0,8555.0,9191.0,25764766.0,
2018-02-01T22:00:12.000000Z,9190.5,9213.0,8942.0,9100.5,10297618.0,
2018-02-02T00:00:07.000000Z,9113.0,9162.5,8628.0,8730.0,14478632.0,
2018-02-02T02:00:13.000000Z,8731.0,9058.5,8668.0,8795.5,15131689.0,
2018-02-02T04:00:03.000000Z,8794.5,8862.5,8509.0,8627.5,15745388.0,
2018-02-02T06:00:02.000000Z,8638.5,8762.0,8350.0,8548.5,14855309.0,
2018-02-02T08:00:03.000000Z,8550.0,8566.0,8075.0,8295.5,50885870.0,
2018-02-02T10:00:03.000000Z,8288.0,8293.5,7995.0,8091.5,19055902.0,
2018-02-02T12:00:13.000000Z,8091.0,8800.0,7700.5,8797.5,28525474.0,
2018-02-02T14:00:03.000000Z,8800.0,9067.5,8521.0,9037.5,27442728.0,
2018-02-02T16:00:03.000000Z,9037.5,9194.0,8700.0,8750.0,17411421.0,
2018-02-02T18:00:13.000000Z,8737.5,8878.5,8541.0,8689.5,13717478.0,
2018-02-02T20:00:03.000000Z,8673.0,8884.5,8551.0,8659.5,5194869.0,
2018-02-02T22:00:03.000000Z,8659.0,9000.0,8549.0,8945.5,8184661.0,
2018-02-03T00:00:14.000000Z,8934.5,8985.5,8561.0,8674.5,5972552.0,
2018-02-03T02:00:07.000000Z,8674.5,8763.5,8218.0,8360.0,13112660.0,
2018-02-03T04:00:19.000000Z,8353.5,8599.5,8260.0,8552.5,7556588.0,
2018-02-03T06:00:02.000000Z,8556.5,8823.5,8469.0,8762.0,6036521.0,
2018-02-03T08:00:13.000000Z,8762.0,9138.0,8654.5,8972.0,8729426.0,
2018-02-03T10:00:09.000000Z,8964.0,9172.5,8777.5,9154.5,5685268.0,
2018-02-03T12:00:04.000000Z,9154.5,9374.5,8979.5,9317.0,10191909.0,
2018-02-03T14:00:02.000000Z,9317.0,9500.0,9231.0,9278.0,11825886.0,
2018-02-03T16:00:07.000000Z,9278.5,9500.0,9111.0,9245.0,14872176.0,
2018-02-03T18:00:07.000000Z,9244.0,9550.0,9170.5,9424.5,10691279.0,
2018-02-03T20:00:02.000000Z,9425.0,9616.0,9146.5,9206.0,6201598.0,
2018-02-03T22:00:08.000000Z,9210.5,9344.0,9125.0,9337.0,4112658.0,
2018-02-04T00:00:19.000000Z,9335.0,9348.5,8979.0,9040.0,7480552.0,
2018-02-04T02:00:14.000000Z,9044.0,9383.0,9040.5,9306.0,4877733.0,
2018-02-04T04:00:10.000000Z,9324.0,9389.0,9133.0,9389.0,4703243.0,
2018-02-04T06:00:04.000000Z,9393.5,9485.5,9286.0,9316.0,4171825.0,
2018-02-04T08:00:53.000000Z,9322.5,9338.5,8828.0,8936.0,10129370.0,
2018-02-04T10:00:03.000000Z,8935.5,9051.5,8679.0,8700.0,9096052.0,
2018-02-04T12:00:08.000000Z,8697.0,8808.5,8414.5,8731.0,22269825.0,
2018-02-04T14:00:13.000000Z,8734.0,8950.0,8324.0,8400.0,9306630.0,
2018-02-04T16:00:07.000000Z,8400.5,8582.5,8092.5,8518.5,19924437.0,
2018-02-04T18:00:03.000000Z,8509.0,8579.0,8066.0,8172.5,19570973.0,
2018-02-04T20:00:02.000000Z,8171.5,8239.5,7801.0,8024.0,18754852.0,
2018-02-04T22:00:08.000000Z,8024.0,8411.5,7989.0,8150.5,10511043.0,
2018-02-05T00:00:02.000000Z,8150.5,8328.5,7826.0,8045.5,11228724.0,
2018-02-05T02:00:03.000000Z,8040.0,8270.0,7790.0,8118.5,9020502.0,
2018-02-05T04:00:20.000000Z,8113.0,8384.0,7931.5,8170.0,5101728.0,
2018-02-05T06:00:05.000000Z,8169.5,8315.0,7804.0,7929.5,9418343.0,
2018-02-05T08:00:14.000000Z,7928.5,8010.0,7512.0,7779.5,20052821.0,
2018-02-05T10:00:08.000000Z,7772.0,7857.5,7471.5,7515.0,18873822.0,
2018-02-05T12:00:07.000000Z,7529.5,7831.5,7478.0,7642.5,15978685.0,
2018-02-05T14:00:05.000000Z,7644.0,7644.0,7100.5,7296.0,26922269.0,
2018-02-05T16:00:03.000000Z,7295.5,7430.5,7020.5,7020.5,19696626.0,
2018-02-05T18:00:03.000000Z,7020.5,7157.0,6577.0,6625.0,37938766.0,
2018-02-05T20:00:05.000000Z,6634.5,7324.0,6572.5,7100.0,23585886.0,
2018-02-05T22:00:03.000000Z,7100.0,7249.0,6666.5,6904.0,19181374.0,
2018-02-06T00:00:13.000000Z,6905.5,7123.0,6333.0,6338.0,25299342.0,
2018-02-06T02:00:03.000000Z,6336.0,6555.0,6039.0,6231.5,35272998.0,
2018-02-06T04:00:05.000000Z,6231.0,6527.5,5900.0,6390.0,22740888.0,
2018-02-06T06:00:02.000000Z,6390.0,6446.0,5828.0,5844.5,20058064.0,
2018-02-06T08:00:04.000000Z,5852.0,6909.5,5840.5,6663.5,23725025.0,
2018-02-06T10:00:02.000000Z,6658.5,6755.5,6204.0,6479.5,16492148.0,
2018-02-06T12:00:13.000000Z,6506.5,7118.5,6399.5,7090.0,18005994.0,
2018-02-06T14:00:03.000000Z,7090.0,7399.5,6843.0,7260.5,15833833.0,
2018-02-06T16:00:03.000000Z,7260.5,7363.0,6805.5,7007.0,14038852.0,
2018-02-06T18:00:07.000000Z,7007.0,7552.5,6962.5,7497.5,10297219.0,
2018-02-06T20:00:06.000000Z,7503.0,7889.5,7405.0,7725.5,15393470.0,
2018-02-06T22:00:02.000000Z,7735.0,7848.5,7452.0,7638.5,10431672.0,
2018-02-07T00:00:05.000000Z,7634.0,7804.5,7400.0,7569.0,11090943.0,
2018-02-07T02:00:07.000000Z,7566.5,7710.0,7188.5,7245.5,15541361.0,
2018-02-07T04:00:04.000000Z,7246.5,7548.0,7177.0,7406.5,9722005.0,
2018-02-07T06:00:04.000000Z,7414.0,7828.0,7238.5,7739.0,10170309.0,
2018-02-07T08:00:02.000000Z,7739.0,8006.0,7598.5,7963.0,12662296.0,
2018-02-07T10:00:05.000000Z,7963.0,8300.0,7861.5,8158.0,15950719.0,
2018-02-07T12:00:04.000000Z,8158.0,8566.0,8047.0,8229.5,15723205.0,
2018-02-07T14:00:03.000000Z,8231.0,8366.0,8043.0,8166.5,16160133.0,
2018-02-07T16:00:04.000000Z,8166.5,8340.0,7944.0,8321.5,11349028.0,
2018-02-07T18:00:05.000000Z,8318.5,8442.0,8015.0,8120.0,11899416.0,
2018-02-07T20:00:05.000000Z,8119.5,8275.0,7906.0,8061.5,11100047.0,
2018-02-07T22:00:12.000000Z,8061.0,8074.5,7414.0,7580.0,14291840.0,
2018-02-08T00:00:02.000000Z,7580.0,7922.5,7558.5,7887.0,11422666.0,
2018-02-08T02:00:10.000000Z,7887.0,8148.5,7886.0,7982.0,10821450.0,
2018-02-08T04:00:05.000000Z,7986.0,8292.0,7950.0,7989.5,9076054.0,
2018-02-08T06:00:12.000000Z,7993.5,8344.0,7875.0,8338.0,11124057.0,
2018-02-08T08:00:06.000000Z,8334.0,8392.0,8134.0,8345.0,6397735.0,
2018-02-08T10:00:02.000000Z,8341.5,8679.5,8323.0,8483.0,13029258.0,
2018-02-08T12:00:09.000000Z,8494.0,8645.5,8350.5,8425.0,10320555.0,
2018-02-08T14:00:10.000000Z,8418.0,8494.0,8152.5,8192.5,12000423.0,
2018-02-08T16:00:03.000000Z,8190.0,8310.0,8049.5,8139.0,11807984.0,
2018-02-08T18:00:21.000000Z,8144.5,8474.0,8000.0,8377.5,11835400.0,
2018-02-08T20:00:12.000000Z,8374.0,8423.5,8129.5,8160.0,9719280.0,
2018-02-08T22:00:01.000000Z,8139.0,8387.0,8088.0,8224.5,7883943.0,
2018-02-09T00:00:36.000000Z,8227.0,8246.0,7730.5,7970.5,17178842.0,
2018-02-09T02:00:05.000000Z,7971.5,8108.0,7837.0,8007.5,16239292.0,
2018-02-09T04:00:02.000000Z,7993.5,8005.0,7574.0,7787.5,17699085.0,
2018-02-09T06:00:18.000000Z,7788.0,7995.5,7737.5,7918.5,6502956.0,
2018-02-09T08:00:06.000000Z,7910.0,8300.0,7809.0,8216.0,11802497.0,
2018-02-09T10:00:03.000000Z,8223.0,8366.5,8131.0,8240.0,8538160.0,
2018-02-09T12:00:36.000000Z,8242.5,8304.5,8151.0,8274.0,8426449.0,
2018-02-09T14:00:07.000000Z,8274.5,8481.5,8266.0,8313.0,11509668.0,
2018-02-09T16:00:07.000000Z,8303.5,8759.5,8295.0,8652.5,12443899.0,
2018-02-09T18:00:08.000000Z,8652.5,8750.0,8608.5,8657.0,8787501.0,
2018-02-09T20:00:12.000000Z,8660.0,8747.5,8529.5,8598.5,10000895.0,
2018-02-09T22:00:21.000000Z,8583.0,8796.5,8475.5,8735.0,5837950.0,
2018-02-10T00:00:04.000000Z,8735.0,9006.0,8659.0,8834.0,11359745.0,
2018-02-10T02:00:03.000000Z,8826.0,9087.0,8806.0,8937.5,7118205.0,
2018-02-10T04:00:07.000000Z,8940.0,8951.0,8784.0,8840.0,8634220.0,
2018-02-10T06:00:05.000000Z,8843.5,9069.5,8822.0,8892.0,8129247.0,
2018-02-10T08:00:05.000000Z,8892.0,8892.0,8561.0,8590.0,8631723.0,
2018-02-10T10:00:15.000000Z,8594.0,8678.0,8525.0,8637.0,7322976.0,
2018-02-10T12:00:41.000000Z,8635.0,8728.5,8525.0,8689.0,6425187.0,
2018-02-10T14:00:02.000000Z,8692.0,8741.0,8222.0,8313.5,13117569.0,
2018-02-10T16:00:08.000000Z,8315.5,8408.0,8200.0,8372.0,8457587.0,
2018-02-10T18:00:17.000000Z,8371.0,8410.0,8230.0,8390.0,6073935.0,
2018-02-10T20:00:12.000000Z,8386.5,8390.5,8105.0,8251.0,9873173.0,
2018-02-10T22:00:17.000000Z,8241.0,8574.5,8221.5,8527.5,6569829.0,
2018-02-11T00:00:29.000000Z,8517.0,8517.5,8062.5,8200.0,18528395.0,
2018-02-11T02:00:07.000000Z,8194.0,8230.0,7940.0,7965.0,7467684.0,
2018-02-11T04:00:05.000000Z,7963.5,8129.5,7870.0,8077.0,8243162.0,
2018-02-11T06:00:23.000000Z,8083.5,8083.5,7814.5,7884.5,5707542.0,
2018-02-11T08:00:03.000000Z,7884.0,8090.0,7759.0,8089.5,8093052.0,
2018-02-11T10:00:10.000000Z,8091.0,8187.0,7907.5,8160.0,6248168.0,
2018-02-11T12:00:20.000000Z,8159.0,8327.0,8105.0,8264.0,7205133.0,
2018-02-11T14:00:15.000000Z,8252.5,8443.0,8199.0,8396.0,4308859.0,
2018-02-11T16:00:37.000000Z,8398.0,8467.5,8138.0,8172.5,8152922.0,
2018-02-11T18:00:10.000000Z,8162.0,8384.0,8162.0,8262.5,4767580.0,
2018-02-11T20:00:04.000000Z,8263.5,8304.0,8157.5,8264.0,5268301.0,
2018-02-11T22:00:08.000000Z,8258.0,8293.5,8017.0,8081.0,8944531.0,
2018-02-12T00:00:01.000000Z,8070.0,8439.0,8069.0,8361.5,9011724.0,
2018-02-12T02:00:06.000000Z,8375.0,8592.5,8323.0,8500.0,10663059.0,
2018-02-12T04:00:03.000000Z,8500.0,8597.0,8385.0,8407.5,8431392.0,
2018-02-12T06:00:27.000000Z,8393.5,8602.0,8393.5,8550.0,4857364.0,
2018-02-12T08:00:05.000000Z,8538.0,8899.5,8537.0,8865.0,12841146.0,
2018-02-12T10:00:03.000000Z,8865.0,8950.5,8728.0,8748.5,13354270.0,
2018-02-12T12:00:07.000000Z,8748.5,8882.0,8700.0,8765.5,7361813.0,
2018-02-12T14:00:14.000000Z,8765.5,8797.5,8538.5,8708.5,13046207.0,
2018-02-12T16:00:02.000000Z,8714.0,8844.0,8670.0,8813.5,6155427.0,
2018-02-12T18:00:06.000000Z,8816.5,8867.0,8650.0,8848.0,5753809.0,
2018-02-12T20:00:43.000000Z,8851.0,8988.0,8804.0,8900.0,7141958.0,
2018-02-12T22:00:04.000000Z,8900.0,9088.0,8787.0,9008.5,10632391.0,
2018-02-13T00:00:02.000000Z,9014.0,9058.0,8805.0,8832.0,7613140.0,
2018-02-13T02:00:11.000000Z,8828.5,8831.0,8690.0,8804.0,7340280.0,
2018-02-13T04:00:16.000000Z,8805.5,8818.5,8509.5,8648.0,9057306.0,
2018-02-13T06:00:14.000000Z,8638.0,8802.0,8589.0,8671.5,4238252.0,
2018-02-13T08:00:02.000000Z,8670.0,8680.0,8345.5,8413.0,15051674.0,
2018-02-13T10:00:17.000000Z,8410.0,8582.0,8333.0,8508.0,6649738.0,
2018-02-13T12:00:25.000000Z,8511.5,8655.0,8431.0,8599.0,6294057.0,
2018-02-13T14:00:19.000000Z,8611.0,8704.5,8459.0,8479.0,8865689.0,
2018-02-13T16:00:13.000000Z,8479.0,8660.0,8477.5,8634.5,6273378.0,
2018-02-13T18:00:03.000000Z,8634.5,8677.0,8517.5,8624.5,4381719.0,
2018-02-13T20:00:11.000000Z,8622.0,8750.5,8550.0,8551.0,5414182.0,
2018-02-13T22:00:03.000000Z,8550.5,8583.0,8440.0,8507.5,5673832.0,
2018-02-14T00:00:07.000000Z,8516.0,8699.5,8508.0,8652.5,5543690.0,
2018-02-14T02:00:12.000000Z,8675.0,8774.5,8651.5,8721.0,5864037.0,
2018-02-14T04:00:22.000000Z,8725.0,8947.5,8725.0,8900.0,8903977.0,
2018-02-14T06:00:15.000000Z,8900.0,8989.5,8840.0,8966.5,7236601.0,
2018-02-14T08:00:02.000000Z,8963.0,8966.5,8872.0,8886.5,7809393.0,
2018-02-14T10:00:10.000000Z,8889.5,9305.0,8867.5,9099.0,9293761.0,
2018-02-14T12:00:04.000000Z,9106.0,9425.0,9092.0,9312.0,19726445.0,
2018-02-14T14:00:01.000000Z,9313.0,9450.0,9261.5,9447.5,7072600.0,
2018-02-14T16:00:18.000000Z,9439.5,9452.5,9313.0,9419.0,7069606.0,
2018-02-14T18:00:10.000000Z,9412.0,9500.5,9310.5,9369.5,7069864.0,
2018-02-14T20:00:02.000000Z,9363.5,9474.5,9325.0,9409.0,4862357.0,
2018-02-14T22:00:20.000000Z,9401.5,9678.0,9360.0,9622.0,11238188.0,
2018-02-15T00:00:04.000000Z,9596.5,9622.0,9446.0,9517.0,7550488.0,
2018-02-15T02:00:13.000000Z,9528.0,9825.0,9528.0,9759.5,10433220.0,
2018-02-15T04:00:03.000000Z,9760.0,9836.0,9716.5,9758.5,7137958.0,
2018-02-15T06:00:30.000000Z,9747.0,9888.0,9744.0,9887.5,5477631.0,
2018-02-15T08:00:23.000000Z,9875.5,9990.0,9610.0,9703.0,10953511.0,
2018-02-15T10:00:02.000000Z,9701.5,9817.0,9592.5,9679.0,13660467.0,
2018-02-15T12:01:34.000000Z,9674.5,9850.0,9664.5,9716.5,6807307.0,
2018-02-15T14:00:12.000000Z,9715.0,9950.0,9703.0,9888.0,6077649.0,
2018-02-15T16:00:11.000000Z,9883.5,10178.0,9825.0,10148.5,10889108.0,
2018-02-15T18:00:02.000000Z,10148.0,10257.5,10002.0,10142.5,13835529.0,
2018-02-15T20:00:15.000000Z,10142.5,10187.5,9839.5,9919.0,9272736.0,
2018-02-15T22:00:05.000000Z,9926.0,10244.5,9909.5,10080.0,10899659.0,
2018-02-16T00:00:02.000000Z,10080.0,10300.0,10031.0,10288.0,9333443.0,
2018-02-16T02:00:03.000000Z,10285.5,10291.0,10061.0,10113.5,8248450.0,
2018-02-16T04:00:16.000000Z,10116.5,10158.0,9926.0,10105.0,8571984.0,
2018-02-16T06:00:02.000000Z,10105.0,10131.5,9775.0,9775.0,7838083.0,
2018-02-16T08:00:07.000000Z,9775.5,10004.0,9771.5,9896.0,6972646.0,
2018-02-16T10:00:02.000000Z,9897.5,9904.5,9721.0,9845.5,7022746.0,
2018-02-16T12:00:13.000000Z,9855.0,9978.0,9806.5,9839.0,4157100.0,
2018-02-16T14:00:20.000000Z,9850.0,10159.0,9848.0,10058.0,7198220.0,
2018-02-16T16:00:38.000000Z,10046.0,10199.0,10025.5,10094.5,5588461.0,
2018-02-16T18:00:03.000000Z,10095.0,10105.5,9950.0,10088.0,7261852.0,
2018-02-16T20:00:26.000000Z,10081.5,10165.5,10004.0,10133.5,3830391.0,
2018-02-16T22:00:40.000000Z,10131.0,10287.5,10087.0,10231.5,5169684.0,
2018-02-17T00:00:02.000000Z,10232.0,10467.0,10077.0,10456.0,13506189.0,
2018-02-17T02:00:02.000000Z,10457.5,10665.5,10455.0,10588.0,16974839.0,
2018-02-17T04:00:02.000000Z,10588.0,10696.0,10527.5,10623.0,9898604.0,
2018-02-17T06:00:28.000000Z,10625.5,10800.0,10623.5,10753.5,13088049.0,
2018-02-17T08:00:09.000000Z,10770.5,10917.0,10688.0,10717.5,12450122.0,
2018-02-17T10:00:12.000000Z,10720.0,10819.5,10645.0,10747.0,6936803.0,
2018-02-17T12:00:18.000000Z,10735.0,10900.0,10608.0,10677.5,13248024.0,
2018-02-17T14:00:02.000000Z,10676.5,10775.5,10503.0,10758.0,9303569.0,
2018-02-17T16:00:14.000000Z,10768.5,10881.0,10711.0,10817.5,4896293.0,
2018-02-17T18:00:17.000000Z,10816.0,10835.0,10693.0,10717.5,3392262.0,
2018-02-17T20:00:03.000000Z,10717.0,10900.0,10655.5,10884.0,4192342.0,
2018-02-17T22:00:09.000000Z,10884.0,11203.0,10826.0,11151.0,15097403.0,
2018-02-18T00:00:02.000000Z,11151.0,11360.0,11043.5,11274.5,10011802.0,
2018-02-18T02:00:03.000000Z,11273.5,11333.0,10886.0,10944.5,14507303.0,
2018-02-18T04:00:06.000000Z,10947.0,11015.5,10488.5,10488.5,20546729.0,
2018-02-18T06:00:03.000000Z,10489.0,10687.0,10390.0,10604.5,14685983.0,
2018-02-18T08:00:16.000000Z,10608.0,10626.0,10150.0,10166.5,12569169.0,
2018-02-18T10:00:04.000000Z,10166.5,10621.0,10166.5,10588.0,11612871.0,
2018-02-18T12:00:17.000000Z,10590.0,10834.5,10425.0,10747.5,10407180.0,
2018-02-18T14:00:01.000000Z,10752.5,10881.5,10553.0,10658.5,14470632.0,
2018-02-18T16:00:02.000000Z,10657.5,10744.0,10444.5,10743.5,14017271.0,
2018-02-18T18:00:02.000000Z,10743.5,10868.0,10567.5,10833.5,8930603.0,
2018-02-18T20:00:17.000000Z,10824.0,10845.5,10578.5,10723.0,8500885.0,
2018-02-18T22:00:19.000000Z,10724.5,10726.5,10334.5,10388.0,7571106.0,
2018-02-19T00:00:06.000000Z,10388.0,10627.0,10280.0,10625.5,6678750.0,
2018-02-19T02:00:22.000000Z,10625.0,10659.5,10408.0,10525.0,6726737.0,
2018-02-19T04:00:14.000000Z,10539.0,10624.5,10369.0,10435.0,10418409.0,
2018-02-19T06:00:03.000000Z,10431.0,10870.0,10431.0,10857.5,8226575.0,
2018-02-19T08:00:10.000000Z,10844.5,10950.0,10733.5,10923.5,9767556.0,
2018-02-19T10:00:12.000000Z,10929.5,11116.0,10848.0,10982.5,11616076.0,
2018-02-19T12:00:21.000000Z,10978.5,11060.0,10871.0,11010.0,7653712.0,
2018-02-19T14:00:10.000000Z,10999.0,11285.0,10945.0,11241.0,8968552.0,
2018-02-19T16:00:01.000000Z,11240.5,11297.0,10931.0,10960.5,10865397.0,
2018-02-19T18:00:14.000000Z,10960.5,11246.0,10960.5,11173.5,5981544.0,
2018-02-19T20:00:03.000000Z,11171.0,11283.0,11043.0,11126.5,6504576.0,
2018-02-19T22:00:06.000000Z,11128.0,11245.5,11080.0,11210.5,5186969.0,
2018-02-20T00:00:40.000000Z,11206.5,11565.0,11206.5,11550.0,12174583.0,
2018-02-20T02:00:17.000000Z,11550.0,11558.5,11400.0,11493.0,5889355.0,
2018-02-20T04:00:23.000000Z,11484.0,11596.0,11424.0,11499.0,5098345.0,
2018-02-20T06:00:02.000000Z,11513.0,11883.0,11486.0,11594.0,8403405.0,
2018-02-20T08:00:02.000000Z,11595.0,11621.0,11216.0,11373.0,11360576.0,
2018-02-20T10:00:24.000000Z,11374.5,11549.0,11318.0,11495.0,7732339.0,
2018-02-20T12:00:08.000000Z,11480.5,11669.5,11456.0,11592.5,4584119.0,
2018-02-20T14:00:08.000000Z,11590.0,11622.5,11421.0,11568.5,5124341.0,
2018-02-20T16:00:08.000000Z,11569.0,11761.5,11567.5,11701.0,7416157.0,
2018-02-20T18:00:02.000000Z,11700.5,11751.5,11556.0,11675.5,8703370.0,
2018-02-20T20:01:36.000000Z,11666.0,11749.0,11632.5,11695.5,8015858.0,
2018-02-20T22:00:07.000000Z,11695.0,11773.0,10971.0,11239.5,24835867.0,
2018-02-21T00:00:13.000000Z,11223.5,11225.5,10800.0,11069.5,20058832.0,
2018-02-21T02:00:04.000000Z,11067.5,11201.0,10867.0,10928.0,11673961.0,
2018-02-21T04:00:17.000000Z,10927.0,10929.0,10666.5,10830.5,12061814.0,
2018-02-21T06:00:13.000000Z,10825.0,11101.0,10780.0,11075.0,11129637.0,
2018-02-21T08:00:05.000000Z,11075.0,11127.5,10910.5,11113.0,8952020.0,
2018-02-21T10:00:18.000000Z,11108.0,11123.5,10746.0,10888.5,15665859.0,
2018-02-21T12:00:07.000000Z,10888.0,11070.0,10640.5,10671.5,16273851.0,
2018-02-21T14:00:03.000000Z,10672.5,10722.0,10361.0,10514.5,17477541.0,
2018-02-21T16:00:03.000000Z,10509.5,10573.0,10262.5,10500.0,14136136.0,
2018-02-21T18:00:18.000000Z,10506.5,10600.0,10309.5,10340.0,8576801.0,
2018-02-21T20:00:04.000000Z,10335.5,10413.5,10177.5,10269.0,11601584.0,
2018-02-21T22:00:02.000000Z,10266.0,10551.0,10233.5,10367.5,8326021.0,
2018-02-22T00:00:11.000000Z,10375.5,10596.0,10246.0,10561.0,7230549.0,
2018-02-22T02:00:02.000000Z,10562.0,10703.5,10510.0,10633.5,8525420.0,
2018-02-22T04:00:04.000000Z,10625.5,10785.0,10539.0,10703.5,7376249.0,
2018-02-22T06:00:02.000000Z,10705.0,10829.0,10489.5,10562.5,6623345.0,
2018-02-22T08:00:18.000000Z,10564.5,10620.0,10185.0,10255.0,10024047.0,
2018-02-22T10:00:03.000000Z,10257.0,10285.0,9930.0,10139.5,17263548.0,
2018-02-22T12:00:09.000000Z,10139.5,10214.5,9735.5,9882.0,19297414.0,
2018-02-22T14:00:02.000000Z,9882.0,10124.0,9703.0,9975.5,14128219.0,
2018-02-22T16:00:02.000000Z,9970.5,10034.0,9680.0,9824.0,11771844.0,
2018-02-22T18:00:12.000000Z,9818.5,10025.0,9750.5,10016.5,8686293.0,
2018-02-22T20:00:05.000000Z,10016.0,10109.0,9767.0,9870.0,9133528.0,
2018-02-22T22:00:19.000000Z,9864.5,9910.0,9738.0,9766.0,6214397.0,
2018-02-23T00:00:10.000000Z,9757.5,9757.5,9512.0,9686.0,10441956.0,
2018-02-23T02:00:16.000000Z,9676.5,9800.0,9613.0,9768.5,7702646.0,
2018-02-23T04:00:04.000000Z,9762.0,9990.0,9762.0,9785.5,5743644.0,
2018-02-23T06:00:14.000000Z,9788.0,9853.5,9641.0,9849.0,4545765.0,
2018-02-23T08:00:03.000000Z,9843.5,10083.5,9806.0,10035.0,9716358.0,
2018-02-23T10:00:05.000000Z,10043.0,10177.0,9915.0,10132.5,12730626.0,
2018-02-23T12:00:39.000000Z,10133.5,10205.0,10066.0,10159.5,7861340.0,
2018-02-23T14:00:04.000000Z,10172.0,10319.0,10169.5,10258.5,9283944.0,
2018-02-23T16:00:03.000000Z,10258.0,10274.5,9981.0,10064.5,10557097.0,
2018-02-23T18:00:02.000000Z,10064.0,10158.5,9960.0,9971.0,6438610.0,
2018-02-23T20:00:16.000000Z,9970.0,9978.5,9817.0,9880.5,9565204.0,
2018-02-23T22:00:01.000000Z,9879.0,10135.0,9873.0,10093.5,4560763.0,
2018-02-24T00:00:13.000000Z,10088.0,10287.5,10058.0,10286.0,5297664.0,
2018-02-24T02:00:12.000000Z,10287.0,10402.0,10253.0,10341.0,5380540.0,
2018-02-24T04:00:29.000000Z,10345.0,10450.0,10290.0,10387.0,4359555.0,
2018-02-24T06:01:06.000000Z,10384.5,10435.5,9895.0,10014.5,10337531.0,
2018-02-24T08:00:04.000000Z,10013.0,10063.0,9881.5,9944.5,6442446.0,
2018-02-24T10:00:03.000000Z,9937.0,9938.0,9484.5,9614.0,15705004.0,
2018-02-24T12:00:25.000000Z,9599.0,9680.0,9402.5,9475.0,9408575.0,
2018-02-24T14:00:05.000000Z,9476.0,9712.5,9431.0,9620.0,7345691.0,
2018-02-24T16:00:03.000000Z,9605.0,9680.0,9455.0,9476.0,9265532.0,
2018-02-24T18:00:02.000000Z,9476.0,9588.5,9391.0,9455.0,6910946.0,
2018-02-24T20:00:22.000000Z,9453.0,9457.0,9172.5,9336.0,11938630.0,
2018-02-24T22:00:50.000000Z,9338.5,9556.0,9275.5,9516.5,5791367.0,
2018-02-25T00:00:22.000000Z,9518.0,9676.5,9422.0,9659.0,7573008.0,
2018-02-25T02:00:12.000000Z,9663.0,9672.5,9381.5,9448.5,6769613.0,
2018-02-25T04:00:27.000000Z,9444.0,9681.5,9423.0,9670.5,9820175.0,
2018-02-25T06:00:16.000000Z,9665.5,9788.5,9640.0,9678.0,4984036.0,
2018-02-25T08:00:03.000000Z,9670.5,9725.0,9386.5,9491.0,10168422.0,
2018-02-25T10:00:08.000000Z,9491.0,9660.0,9437.0,9558.5,6562576.0,
2018-02-25T12:00:10.000000Z,9554.0,9605.0,9382.0,9470.0,3918761.0,
2018-02-25T14:15:48.000000Z,9356.0,9418.5,9162.5,9269.0,7499485.0,
2018-02-25T16:00:01.000000Z,9271.0,9335.0,9230.0,9250.5,5181928.0,
2018-02-25T18:00:11.000000Z,9253.0,9460.0,9220.0,9380.5,8702417.0,
2018-02-25T20:00:47.000000Z,9380.0,9525.0,9364.0,9475.0,5400238.0,
2018-02-25T22:00:04.000000Z,9475.0,9609.5,9429.0,9524.0,6856154.0,
2018-02-26T00:00:01.000000Z,9530.5,9647.0,9448.0,9625.0,6519844.0,
2018-02-26T02:00:14.000000Z,9631.0,9674.0,9464.0,9508.0,6253979.0,
2018-02-26T04:00:43.000000Z,9505.0,9583.5,9445.5,9506.0,2657295.0,
2018-02-26T06:00:04.000000Z,9512.5,9530.0,9288.5,9360.5,5521331.0,
2018-02-26T08:00:24.000000Z,9351.0,9431.0,9245.0,9373.5,5089147.0,
2018-02-26T10:00:05.000000Z,9374.0,9717.0,9367.5,9682.0,10516499.0,
2018-02-26T12:00:33.000000Z,9683.5,10195.0,9577.0,10080.0,11313124.0,
2018-02-26T14:00:02.000000Z,10080.5,10286.5,10080.5,10199.0,12270607.0,
2018-02-26T16:00:15.000000Z,10200.5,10310.0,10102.0,10162.0,7929407.0,
2018-02-26T18:00:20.000000Z,10160.0,10284.0,10157.0,10217.5,7871065.0,
2018-02-26T20:00:05.000000Z,10217.0,10415.0,10155.5,10355.0,5762552.0,
2018-02-26T22:00:52.000000Z,10350.0,10398.5,10200.5,10266.5,5231486.0,
2018-02-27T00:00:08.000000Z,10270.0,10365.0,10114.0,10151.0,4379849.0,
2018-02-27T02:00:49.000000Z,10150.5,10310.5,10063.5,10259.5,7207553.0,
2018-02-27T04:00:21.000000Z,10259.0,10336.5,10172.5,10295.5,4430943.0,
2018-02-27T06:00:14.000000Z,10297.5,10649.5,10160.5,10642.0,12595775.0,
2018-02-27T08:00:03.000000Z,10642.0,10777.0,10620.5,10742.5,13299570.0,
2018-02-27T10:00:23.000000Z,10742.5,10743.0,10609.0,10685.5,4867795.0,
2018-02-27T12:01:17.000000Z,10693.5,10886.5,10646.5,10835.5,5486730.0,
2018-02-27T14:00:15.000000Z,10843.0,10843.5,10483.5,10570.5,10337396.0,
2018-02-27T16:00:03.000000Z,10571.0,10649.5,10544.0,10583.0,4520461.0,
2018-02-27T18:00:18.000000Z,10579.0,10725.0,10579.0,10672.0,4158509.0,
2018-02-27T20:00:40.000000Z,10673.5,10800.5,10612.0,10751.5,4581110.0,
2018-02-27T22:00:29.000000Z,10748.5,10824.0,10423.0,10450.0,7258041.0,
2018-02-28T00:00:02.000000Z,10450.0,10695.0,10450.0,10678.5,3844993.0,
2018-02-28T02:00:03.000000Z,10678.5,11048.0,10655.5,10926.0,12722903.0,
2018-02-28T04:00:04.000000Z,10926.5,10985.5,10886.0,10938.0,4926221.0,
2018-02-28T06:00:21.000000Z,10938.5,11050.0,10592.5,10729.5,12177496.0,
2018-02-28T08:00:43.000000Z,10735.5,10779.0,10398.5,10572.0,11318698.0,
2018-02-28T10:00:06.000000Z,10565.5,10617.0,10477.5,10528.5,5190550.0,
2018-02-28T12:00:24.000000Z,10529.5,10577.5,10360.0,10472.5,5898405.0,
2018-02-28T14:00:02.000000Z,10467.0,10555.0,10450.0,10483.5,3774100.0,
2018-02-28T16:00:12.000000Z,10480.5,10516.5,10369.5,10448.5,4861002.0,
2018-02-28T18:01:01.000000Z,10449.5,10569.5,10449.5,10554.0,4291836.0,
2018-02-28T20:00:09.000000Z,10555.5,10711.0,10552.0,10560.0,5731633.0,
2018-02-28T22:00:02.000000Z,10550.0,10579.0,10232.0,10290.5,9396128.0,
2018-03-01T00:00:11.000000Z,10290.5,10387.5,10148.0,10387.5,8034028.0,
2018-03-01T02:00:04.000000Z,10394.0,10416.0,10267.0,10342.0,4735930.0,
2018-03-01T04:00:04.000000Z,10345.0,10457.0,10333.0,10381.0,5140541.0,
2018-03-01T06:00:08.000000Z,10363.0,10534.0,10295.0,10524.0,4456836.0,
2018-03-01T08:00:02.000000Z,10524.0,10636.0,10524.0,10581.0,5446398.0,
2018-03-01T10:00:02.000000Z,10581.0,10782.0,10581.0,10652.5,7756382.0,
2018-03-01T12:00:43.000000Z,10659.0,10820.0,10629.0,10763.5,8262896.0,
2018-03-01T14:00:24.000000Z,10766.5,10800.0,10654.5,10711.0,7028703.0,
2018-03-01T16:00:29.000000Z,10705.5,10892.5,10688.5,10863.0,7635739.0,
2018-03-01T18:00:12.000000Z,10863.5,10970.5,10832.0,10899.0,9382194.0,
2018-03-01T20:00:22.000000Z,10898.5,11105.0,10870.5,10966.5,13376460.0,
2018-03-01T22:00:02.000000Z,10966.5,11019.0,10845.0,10918.5,8827503.0,
2018-03-02T00:00:19.000000Z,10922.0,11239.0,10922.0,11184.5,11696981.0,
2018-03-02T02:00:02.000000Z,11185.5,11248.0,11064.0,11117.0,8285046.0,
2018-03-02T04:00:03.000000Z,11124.0,11159.0,10940.0,11011.0,7906672.0,
2018-03-02T06:00:03.000000Z,11011.0,11172.5,11011.0,11083.0,6920278.0,
2018-03-02T08:00:56.000000Z,11079.5,11158.0,10860.0,10902.0,10812311.0,
2018-03-02T10:00:03.000000Z,10902.0,10942.5,10822.0,10905.5,6457911.0,
2018-03-02T12:00:28.000000Z,10905.0,11000.0,10903.0,10965.0,14251812.0,
2018-03-02T14:00:15.000000Z,10964.0,10965.0,10750.0,10827.0,10307650.0,
2018-03-02T16:00:10.000000Z,10826.5,10874.5,10762.0,10873.0,6911300.0,
2018-03-02T18:00:07.000000Z,10873.5,10900.0,10805.0,10891.5,5998804.0,
2018-03-02T20:00:10.000000Z,10892.0,11068.0,10843.5,11022.5,11809991.0,
2018-03-02T22:00:32.000000Z,11030.0,11128.0,10887.0,11004.0,7238073.0,
2018-03-03T00:00:14.000000Z,11015.0,11288.5,11003.5,11254.0,11672419.0,
2018-03-03T02:00:03.000000Z,11254.0,11450.0,11210.0,11368.0,19450015.0,
2018-03-03T04:00:04.000000Z,11370.5,11468.0,11345.0,11381.0,7508565.0,
2018-03-03T06:00:24.000000Z,11382.0,11495.0,11350.0,11352.5,7796681.0,
2018-03-03T08:00:03.000000Z,11350.5,11424.5,11301.0,11390.0,5005231.0,
2018-03-03T10:00:13.000000Z,11389.5,11445.5,11300.5,11350.0,5189699.0,
2018-03-03T12:00:07.000000Z,11350.5,11566.5,11350.5,11533.0,12196381.0,
2018-03-03T14:00:03.000000Z,11533.5,11558.0,11434.5,11506.5,8931444.0,
2018-03-03T16:00:02.000000Z,11506.5,11557.5,11454.5,11527.0,5499870.0,
2018-03-03T18:00:47.000000Z,11532.0,11543.5,11488.0,11522.5,3547473.0,
2018-03-03T20:00:31.000000Z,11524.5,11529.5,11228.5,11336.5,10616841.0,
2018-03-03T22:00:32.000000Z,11340.5,11512.5,11312.0,11488.0,3586200.0,
2018-03-04T00:01:01.000000Z,11492.5,11492.5,11377.0,11423.0,3057536.0,
2018-03-04T02:00:21.000000Z,11412.0,11412.5,11147.0,11196.0,9083552.0,
2018-03-04T04:00:02.000000Z,11196.0,11248.0,11133.0,11224.0,4188807.0,
2018-03-04T06:01:20.000000Z,11220.0,11229.5,11091.5,11181.5,5377329.0,
2018-03-04T08:00:13.000000Z,11181.5,11274.0,11164.0,11248.0,4727829.0,
2018-03-04T10:00:15.000000Z,11248.0,11248.5,11100.0,11164.5,7582660.0,
2018-03-04T12:00:23.000000Z,11161.0,11250.0,11160.0,11194.5,4101939.0,
2018-03-04T14:00:12.000000Z,11194.5,11199.5,11062.0,11149.0,7454224.0,
2018-03-04T16:00:09.000000Z,11149.5,11177.5,11109.0,11129.0,3659381.0,
2018-03-04T18:01:05.000000Z,11126.5,11445.0,11115.5,11381.0,11067607.0,
2018-03-04T20:00:16.000000Z,11389.0,11561.5,11381.5,11479.5,7417890.0,
2018-03-04T22:00:03.000000Z,11479.0,11594.0,11426.5,11545.5,6968941.0,
2018-03-05T00:00:03.000000Z,11545.0,11560.5,11452.5,11541.5,8383836.0,
2018-03-05T02:00:02.000000Z,11541.5,11664.0,11533.0,11649.5,6524030.0,
2018-03-05T04:00:27.000000Z,11650.0,11709.5,11542.0,11595.5,6538767.0,
2018-03-05T06:00:07.000000Z,11596.0,11650.0,11588.5,11601.0,3255382.0,
2018-03-05T08:00:03.000000Z,11601.0,11622.0,11500.0,11523.5,4563007.0,
2018-03-05T10:00:29.000000Z,11524.5,11634.0,11490.0,11593.5,8688205.0,
2018-03-05T12:00:12.000000Z,11591.0,11669.5,11591.0,11620.0,11746935.0,
2018-03-05T14:00:32.000000Z,11620.0,11650.0,11541.0,11598.5,8305839.0,
2018-03-05T16:00:14.000000Z,11601.5,11667.5,11600.5,11622.5,8215673.0,
2018-03-05T18:01:48.000000Z,11620.5,11844.5,11613.5,11804.5,13773863.0,
2018-03-05T20:00:07.000000Z,11804.5,11855.0,11666.0,11700.0,8860289.0,
2018-03-05T22:00:26.000000Z,11700.0,11762.0,11555.5,11555.5,5977236.0,
2018-03-06T00:00:02.000000Z,11555.5,11590.0,11270.0,11355.0,13840649.0,
2018-03-06T02:00:03.000000Z,11355.0,11355.0,11218.0,11328.5,8215646.0,
2018-03-06T04:00:05.000000Z,11329.5,11395.5,11301.0,11358.0,4752150.0,
2018-03-06T06:01:55.000000Z,11355.0,11375.0,11273.0,11304.0,6952604.0,
2018-03-06T08:00:03.000000Z,11304.0,11329.5,11277.0,11300.0,4717906.0,
2018-03-06T10:00:02.000000Z,11300.0,11301.0,10907.0,11006.5,17962028.0,
2018-03-06T12:00:18.000000Z,11004.0,11021.5,10849.0,10908.5,12876842.0,
2018-03-06T14:00:12.000000Z,10908.0,11061.0,10908.0,10993.5,8868128.0,
2018-03-06T16:00:03.000000Z,10988.5,11031.5,10770.0,10809.5,13008174.0,
2018-03-06T18:00:12.000000Z,10809.5,10910.5,10596.5,10739.5,13705595.0,
2018-03-06T20:00:04.000000Z,10739.0,10886.0,10640.5,10833.5,5630264.0,
2018-03-06T22:00:03.000000Z,10833.5,10851.5,10599.0,10778.0,10724836.0,
2018-03-07T00:00:27.000000Z,10779.5,10954.5,10778.5,10907.0,7161623.0,
2018-03-07T02:00:06.000000Z,10909.0,10911.5,10703.5,10776.0,9480713.0,
2018-03-07T04:00:06.000000Z,10776.0,10832.0,10650.0,10684.5,5144860.0,
2018-03-07T06:00:06.000000Z,10684.5,10685.5,10470.0,10555.5,14426286.0,
2018-03-07T08:00:15.000000Z,10560.0,10636.5,10469.0,10535.5,8666198.0,
2018-03-07T10:00:03.000000Z,10535.5,10685.0,10509.5,10682.0,7963850.0,
2018-03-07T12:00:07.000000Z,10682.5,10713.5,10553.0,10579.0,7415355.0,
2018-03-07T14:00:20.000000Z,10580.0,10782.0,10579.5,10718.5,8749161.0,
2018-03-07T16:00:23.000000Z,10717.0,10743.0,9287.0,9670.5,43534700.0,
2018-03-07T18:00:03.000000Z,9674.5,9821.0,9602.0,9811.5,25144685.0,
2018-03-07T20:00:02.000000Z,9811.0,9930.0,9671.0,9899.5,13044405.0,
2018-03-07T22:00:14.000000Z,9899.5,10031.5,9779.5,9870.5,13129483.0,
2018-03-08T00:00:05.000000Z,9870.5,10008.0,9693.0,9826.5,10480534.0,
2018-03-08T02:00:12.000000Z,9822.5,9823.5,9494.0,9517.5,14395994.0,
2018-03-08T04:00:04.000000Z,9518.0,9822.0,9510.5,9783.0,9474315.0,
2018-03-08T06:00:02.000000Z,9786.0,9981.0,9681.0,9925.5,8393903.0,
2018-03-08T08:00:04.000000Z,9924.5,10105.0,9810.5,10016.0,8658706.0,
2018-03-08T10:00:13.000000Z,10017.5,10050.0,9855.5,9886.0,8392349.0,
2018-03-08T12:00:08.000000Z,9886.0,9937.5,9625.0,9863.5,10649711.0,
2018-03-08T14:00:02.000000Z,9863.5,10072.5,9689.0,9908.5,12963774.0,
2018-03-08T16:00:17.000000Z,9910.0,9910.0,9001.0,9211.5,33043080.0,
2018-03-08T18:00:06.000000Z,9213.5,9375.5,9101.0,9308.0,18235958.0,
2018-03-08T20:00:10.000000Z,9310.5,9416.0,9208.0,9285.0,10011371.0,
2018-03-08T22:00:03.000000Z,9285.0,9370.5,9210.0,9245.5,5728150.0,
2018-03-09T00:00:18.000000Z,9250.0,9379.0,8920.0,9076.5,12601653.0,
2018-03-09T02:00:04.000000Z,9076.0,9100.0,8815.0,8946.0,16683331.0,
2018-03-09T04:00:04.000000Z,8941.5,8942.0,8413.0,8455.5,27977026.0,
2018-03-09T06:00:19.000000Z,8456.0,8816.0,8318.5,8675.5,24202734.0,
2018-03-09T08:00:17.000000Z,8677.0,8810.0,8362.0,8514.5,18890177.0,
2018-03-09T10:00:03.000000Z,8514.5,8899.0,8439.5,8888.5,19796850.0,
2018-03-09T12:00:05.000000Z,8887.0,8977.0,8758.0,8857.0,18606834.0,
2018-03-09T14:00:19.000000Z,8859.0,9084.5,8832.5,8870.5,13738238.0,
2018-03-09T16:00:31.000000Z,8870.5,8985.0,8550.0,8682.0,21790526.0,
2018-03-09T18:00:02.000000Z,8684.5,8887.0,8584.5,8722.5,12301010.0,
2018-03-09T20:00:04.000000Z,8722.5,9092.5,8671.0,8941.5,15288914.0,
2018-03-09T22:00:04.000000Z,8944.0,9254.5,8878.0,9162.0,12264403.0,
2018-03-10T00:00:03.000000Z,9155.0,9307.5,9155.0,9193.0,8905043.0,
2018-03-10T02:00:03.000000Z,9193.0,9235.0,9010.5,9139.5,9295029.0,
2018-03-10T04:00:27.000000Z,9139.5,9300.0,9088.0,9251.5,7163605.0,
2018-03-10T06:00:19.000000Z,9251.0,9416.5,9206.0,9250.5,11254216.0,
2018-03-10T08:00:03.000000Z,9250.0,9327.0,9116.0,9158.5,6966083.0,
2018-03-10T10:00:27.000000Z,9155.5,9328.5,9070.0,9300.5,4720574.0,
2018-03-10T12:00:34.000000Z,9300.0,9300.0,9168.5,9230.5,4783192.0,
2018-03-10T14:00:03.000000Z,9232.5,9493.5,9230.5,9298.5,8161046.0,
2018-03-10T16:00:26.000000Z,9301.5,9357.0,9060.5,9098.0,9852352.0,
2018-03-10T18:00:17.000000Z,9078.0,9082.0,8912.0,9014.5,10483836.0,
2018-03-10T20:00:04.000000Z,9013.5,9019.0,8660.0,8739.0,11631104.0,
2018-03-10T22:00:30.000000Z,8736.0,8794.5,8606.5,8698.5,11066982.0,
2018-03-11T00:00:19.000000Z,8698.0,8698.0,8325.0,8488.0,30674219.0,
2018-03-11T02:00:27.000000Z,8491.5,8600.0,8324.0,8455.0,16374184.0,
2018-03-11T04:00:14.000000Z,8455.5,8635.0,8417.0,8634.5,7944659.0,
2018-03-11T06:00:01.000000Z,8634.5,8656.5,8488.0,8534.0,8395581.0,
2018-03-11T08:00:04.000000Z,8534.0,8655.0,8360.0,8482.5,11326965.0,
2018-03-11T10:00:19.000000Z,8479.5,9074.0,8410.5,8960.0,17520836.0,
2018-03-11T12:00:07.000000Z,8960.0,9303.0,8918.0,9184.0,19397629.0,
2018-03-11T14:00:05.000000Z,9183.0,9291.5,9029.0,9049.0,11420277.0,
2018-03-11T16:00:03.000000Z,9050.0,9741.0,9050.0,9618.0,19947116.0,
2018-03-11T18:00:02.000000Z,9618.0,9741.0,9547.0,9616.0,14570494.0,
2018-03-11T20:00:07.000000Z,9609.0,9638.0,9424.0,9505.0,13114913.0,
2018-03-11T22:00:02.000000Z,9501.5,9747.0,9363.5,9496.5,13922914.0,
2018-03-12T00:00:30.000000Z,9499.5,9695.0,9451.0,9512.0,9407907.0,
2018-03-12T02:00:22.000000Z,9514.0,9602.0,9270.0,9384.5,11094427.0,
2018-03-12T04:00:15.000000Z,9380.0,9662.0,9330.5,9550.0,10755473.0,
2018-03-12T06:00:03.000000Z,9540.0,9649.0,9499.5,9571.5,7382043.0,
2018-03-12T08:00:22.000000Z,9568.5,9849.0,9466.5,9784.0,10910474.0,
2018-03-12T10:00:32.000000Z,9780.0,9858.5,9729.5,9797.0,6937827.0,
2018-03-12T12:00:08.000000Z,9791.5,9795.0,9649.0,9751.5,7787072.0,
2018-03-12T14:00:57.000000Z,9751.0,9763.5,9010.0,9147.0,23703796.0,
2018-03-12T16:00:16.000000Z,9145.5,9220.5,8915.0,9119.5,14999206.0,
2018-03-12T18:00:05.000000Z,9129.0,9187.5,8769.0,8835.5,14304878.0,
2018-03-12T20:00:04.000000Z,8835.5,9006.0,8622.5,8988.0,14523862.0,
2018-03-12T22:00:02.000000Z,8992.5,9120.0,8906.0,9004.0,12857489.0,
2018-03-13T00:00:03.000000Z,9001.5,9196.5,8928.0,8982.0,11328313.0,
2018-03-13T02:00:02.000000Z,8980.5,9091.0,8850.0,8933.5,10677555.0,
2018-03-13T04:00:03.000000Z,8933.0,9399.0,8900.5,9325.0,14976612.0,
2018-03-13T06:00:03.000000Z,9325.0,9425.0,9013.0,9115.0,10295011.0,
2018-03-13T08:00:17.000000Z,9114.5,9292.0,8970.5,9200.0,7479542.0,
2018-03-13T10:00:17.000000Z,9199.5,9252.0,8723.5,8929.5,14873051.0,
2018-03-13T12:00:06.000000Z,8930.0,9236.5,8706.5,9068.0,16140667.0,
2018-03-13T14:00:02.000000Z,9062.0,9145.0,8839.0,9001.5,10875555.0,
2018-03-13T16:00:03.000000Z,9000.0,9280.5,8856.0,9012.5,15527568.0,
2018-03-13T18:00:06.000000Z,9012.0,9151.0,8908.0,8989.0,10102167.0,
2018-03-13T20:00:21.000000Z,8975.0,9189.5,8910.0,9044.0,7744812.0,
2018-03-13T22:00:05.000000Z,9045.5,9291.0,9037.0,9054.5,9624604.0,
2018-03-14T00:00:11.000000Z,9055.0,9331.0,9055.0,9209.5,9885443.0,
2018-03-14T02:00:20.000000Z,9209.5,9256.0,9133.5,9187.0,6918373.0,
2018-03-14T04:00:08.000000Z,9184.5,9185.0,8965.0,9112.5,8694474.0,
2018-03-14T06:00:02.000000Z,9112.5,9112.5,8960.0,8993.0,4760072.0,
2018-03-14T08:00:15.000000Z,8994.0,9065.0,8770.0,8805.0,6954838.0,
2018-03-14T10:00:18.000000Z,8808.0,8841.0,8457.0,8619.5,13274311.0,
2018-03-14T12:00:08.000000Z,8621.5,8665.0,8471.5,8590.0,9257937.0,
2018-03-14T14:00:22.000000Z,8586.0,8698.0,8566.5,8638.5,8094935.0,
2018-03-14T16:00:43.000000Z,8642.0,8642.0,8016.0,8189.0,24234865.0,
2018-03-14T18:00:05.000000Z,8189.0,8202.5,8026.5,8122.0,15055599.0,
2018-03-14T20:00:12.000000Z,8105.5,8184.5,7830.0,7945.5,16590810.0,
2018-03-14T22:00:03.000000Z,7954.0,8171.0,7943.5,8080.0,13750833.0,
2018-03-15T00:00:17.000000Z,8079.0,8168.0,7850.0,8015.0,12542503.0,
2018-03-15T02:00:13.000000Z,8034.5,8034.5,7650.0,7821.5,24921228.0,
2018-03-15T04:00:05.000000Z,7822.5,7875.0,7638.0,7694.0,12839873.0,
2018-03-15T06:00:03.000000Z,7690.5,7900.0,7584.5,7808.5,9210974.0,
2018-03-15T08:00:12.000000Z,7808.5,8188.0,7733.5,8111.0,12218473.0,
2018-03-15T10:00:09.000000Z,8110.0,8188.0,7958.5,8147.5,9088478.0,
2018-03-15T12:00:06.000000Z,8145.5,8316.0,8045.0,8282.0,6788342.0,
2018-03-15T14:00:18.000000Z,8291.0,8291.0,7885.0,8020.0,16234524.0,
2018-03-15T16:00:02.000000Z,8032.5,8191.5,7947.5,8116.0,14440766.0,
2018-03-15T18:00:19.000000Z,8116.0,8285.0,8028.5,8162.5,13704258.0,
2018-03-15T20:00:14.000000Z,8163.0,8283.0,8096.5,8236.0,7540395.0,
2018-03-15T22:00:12.000000Z,8238.5,8350.0,8143.0,8181.0,8183361.0,
2018-03-16T00:00:04.000000Z,8181.0,8274.5,7800.5,7929.5,10910241.0,
2018-03-16T02:00:05.000000Z,7929.5,8056.0,7886.5,7955.0,9170030.0,
2018-03-16T04:00:05.000000Z,7953.0,8216.5,7942.0,8127.0,6894731.0,
2018-03-16T06:00:02.000000Z,8127.5,8248.5,8093.0,8174.5,5529386.0,
2018-03-16T08:00:12.000000Z,8174.5,8248.5,8034.0,8139.0,9254741.0,
2018-03-16T10:00:04.000000Z,8144.0,8174.0,8025.0,8154.5,3802141.0,
2018-03-16T12:00:18.000000Z,8154.5,8624.0,8113.5,8455.0,15396019.0,
2018-03-16T14:00:07.000000Z,8452.5,8600.0,8409.0,8515.0,10522915.0,
2018-03-16T16:00:03.000000Z,8519.5,8550.0,8409.5,8431.0,8260838.0,
2018-03-16T18:00:06.000000Z,8429.0,8586.0,8424.0,8519.5,7714033.0,
2018-03-16T20:00:04.000000Z,8518.0,8538.5,8440.0,8486.0,5532719.0,
2018-03-16T22:00:17.000000Z,8491.5,8512.5,8227.0,8227.0,7799707.0,
2018-03-17T00:00:03.000000Z,8227.0,8287.0,8046.0,8098.0,10161912.0,
2018-03-17T02:00:13.000000Z,8098.0,8198.5,8026.0,8160.0,4896087.0,
2018-03-17T04:01:04.000000Z,8159.5,8169.0,8068.0,8117.0,5250368.0,
2018-03-17T06:00:14.000000Z,8112.0,8198.0,8074.5,8150.0,3354713.0,
2018-03-17T08:00:17.000000Z,8140.5,8397.0,8116.0,8239.0,3986165.0,
2018-03-17T10:01:03.000000Z,8238.5,8248.0,8124.5,8124.5,2797991.0,
2018-03-17T12:00:10.000000Z,8124.5,8143.0,7850.5,7944.5,12363940.0,
2018-03-17T14:00:11.000000Z,7949.0,7996.0,7799.0,7847.0,8243983.0,
2018-03-17T16:00:19.000000Z,7848.0,7940.0,7823.0,7868.0,3993484.0,
2018-03-17T18:00:03.000000Z,7868.0,7927.5,7619.0,7770.0,8128682.0,
2018-03-17T20:00:07.000000Z,7774.5,8032.0,7711.0,7907.0,11202378.0,
2018-03-17T22:00:10.000000Z,7912.0,8009.0,7762.0,7810.0,6955641.0,
2018-03-18T00:00:02.000000Z,7801.5,7836.0,7634.5,7669.0,6574137.0,
2018-03-18T02:00:04.000000Z,7670.0,7700.0,7454.0,7590.0,17847763.0,
2018-03-18T04:00:12.000000Z,7591.0,7647.5,7450.0,7592.0,9759190.0,
2018-03-18T06:00:14.000000Z,7591.5,7746.0,7579.5,7616.5,7022012.0,
2018-03-18T08:00:02.000000Z,7616.5,7776.5,7602.5,7636.0,4792399.0,
2018-03-18T10:00:34.000000Z,7636.0,7782.5,7500.0,7730.5,7007465.0,
2018-03-18T12:00:08.000000Z,7727.0,7800.0,7477.5,7563.0,8594708.0,
2018-03-18T14:00:05.000000Z,7565.0,7569.5,7250.0,7354.5,15454009.0,
2018-03-18T16:00:20.000000Z,7354.5,7510.0,7300.0,7486.0,16760676.0,
2018-03-18T18:00:22.000000Z,7486.5,7576.0,7395.0,7477.5,10396136.0,
2018-03-18T20:00:06.000000Z,7478.0,8348.0,7464.0,8225.0,19724414.0,
2018-03-18T22:00:05.000000Z,8225.0,8250.0,8035.5,8189.5,14807940.0,
2018-03-19T00:00:07.000000Z,8181.0,8454.5,8112.0,8222.0,13939812.0,
2018-03-19T02:00:03.000000Z,8221.5,8285.5,8119.5,8173.5,6042985.0,
2018-03-19T04:00:04.000000Z,8187.0,8348.5,8156.5,8300.0,5659825.0,
2018-03-19T06:00:14.000000Z,8307.0,8325.0,8230.5,8274.0,3965119.0,
2018-03-19T08:00:30.000000Z,8269.0,8392.5,8150.0,8206.0,7156465.0,
2018-03-19T10:00:28.000000Z,8205.5,8370.0,8059.5,8329.0,8801633.0,
2018-03-19T12:00:06.000000Z,8328.5,8600.0,8217.5,8521.5,11027355.0,
2018-03-19T14:00:05.000000Z,8524.5,8636.5,8448.0,8529.0,9153211.0,
2018-03-19T16:00:19.000000Z,8533.0,8630.0,8210.0,8312.0,12727511.0,
2018-03-19T18:00:14.000000Z,8321.0,8500.0,8277.5,8393.0,7783252.0,
2018-03-19T20:00:29.000000Z,8396.0,8524.0,8369.0,8385.5,5709127.0,
2018-03-19T22:00:07.000000Z,8385.0,8630.0,8365.0,8601.0,6224116.0,
2018-03-20T00:00:11.000000Z,8588.0,8594.5,8400.5,8438.5,6107931.0,
2018-03-20T02:00:12.000000Z,8432.5,8636.5,8421.5,8584.0,5858637.0,
2018-03-20T04:00:18.000000Z,8583.0,8583.0,8375.5,8473.5,4593044.0,
2018-03-20T06:00:47.000000Z,8471.0,8541.5,8326.5,8376.5,4458206.0,
2018-03-20T08:00:13.000000Z,8384.5,8471.0,8314.5,8453.5,5896378.0,
2018-03-20T10:00:25.000000Z,8446.0,8568.0,8407.5,8534.5,5676093.0,
2018-03-20T12:00:20.000000Z,8530.0,8600.0,8460.5,8477.5,5167378.0,
2018-03-20T14:00:03.000000Z,8477.0,8600.0,8423.5,8531.5,4738237.0,
2018-03-20T16:00:34.000000Z,8531.5,8889.0,8531.5,8844.0,15683219.0,
2018-03-20T18:00:20.000000Z,8852.0,8946.0,8789.0,8934.0,5081546.0,
2018-03-20T20:00:53.000000Z,8932.0,9022.5,8867.0,8965.0,5389522.0,
2018-03-20T22:00:15.000000Z,8961.5,8978.5,8860.0,8892.0,3242888.0,
2018-03-21T00:00:35.000000Z,8904.0,8956.5,8862.5,8947.0,1905059.0,
2018-03-21T02:00:33.000000Z,8947.5,9033.0,8930.5,8998.0,2833181.0,
2018-03-21T04:00:05.000000Z,8998.0,9100.0,8995.0,9023.0,5573562.0,
2018-03-21T06:00:03.000000Z,9023.5,9070.0,8868.0,8920.0,4161102.0,
2018-03-21T08:00:05.000000Z,8925.0,9070.5,8875.0,9046.5,4405797.0,
2018-03-21T10:01:25.000000Z,9045.0,9150.0,9040.5,9070.5,4675041.0,
2018-03-21T12:01:03.000000Z,9070.0,9085.0,8967.0,9012.5,3609018.0,
2018-03-21T14:00:15.000000Z,9008.5,9178.0,8995.0,9050.0,5284131.0,
2018-03-21T16:00:10.000000Z,9050.0,9057.0,8751.0,8872.5,14253909.0,
2018-03-21T18:00:03.000000Z,8872.5,8950.0,8832.5,8888.5,5654166.0,
2018-03-21T20:00:13.000000Z,8886.5,8960.0,8832.5,8922.0,6577741.0,
2018-03-21T22:00:15.000000Z,8920.0,8952.0,8810.0,8895.0,5865158.0,
2018-03-22T00:00:04.000000Z,8888.5,9085.0,8869.0,9041.5,4830376.0,
2018-03-22T02:00:22.000000Z,9044.0,9097.0,8991.0,9020.0,3650093.0,
2018-03-22T04:00:14.000000Z,9020.0,9060.0,8975.0,9016.0,2410102.0,
2018-03-22T06:00:48.000000Z,9017.5,9053.0,8925.0,8970.5,2453301.0,
2018-03-22T08:00:27.000000Z,8963.0,9046.5,8700.5,8796.5,7192747.0,
2018-03-22T10:00:20.000000Z,8791.0,8791.0,8650.0,8675.0,8512445.0,
2018-03-22T12:00:14.000000Z,8674.5,8750.0,8577.0,8616.0,4700614.0,
2018-03-22T14:00:07.000000Z,8616.0,8692.5,8520.5,8615.0,8786390.0,
2018-03-22T16:00:02.000000Z,8615.5,8691.0,8591.5,8679.0,3113814.0,
2018-03-22T18:00:04.000000Z,8678.0,8691.0,8586.0,8626.5,4102881.0,
2018-03-22T20:00:03.000000Z,8628.0,8670.5,8565.0,8626.0,4510368.0,
2018-03-22T22:00:13.000000Z,8624.0,8775.5,8614.0,8705.0,8176212.0,
2018-03-23T00:00:03.000000Z,8704.5,8704.5,8545.0,8584.0,9888298.0,
2018-03-23T02:00:02.000000Z,8575.0,8592.0,8340.0,8421.5,8995265.0,
2018-03-23T04:00:40.000000Z,8421.0,8462.0,8370.0,8410.0,3400265.0,
2018-03-23T06:00:04.000000Z,8415.0,8446.0,8350.5,8390.5,3744210.0,
2018-03-23T08:00:12.000000Z,8392.5,8540.0,8392.0,8498.0,4868470.0,
2018-03-23T10:00:03.000000Z,8498.0,8532.0,8430.0,8524.0,3682608.0,
2018-03-23T12:00:22.000000Z,8523.5,8524.5,8305.0,8387.5,9168026.0,
2018-03-23T14:00:04.000000Z,8390.5,8681.0,8380.5,8631.0,11378466.0,
2018-03-23T16:00:23.000000Z,8633.0,8669.5,8579.0,8631.5,4086917.0,
2018-03-23T18:01:30.000000Z,8623.0,8740.0,8544.0,8621.5,4806913.0,
2018-03-23T20:00:08.000000Z,8620.5,8675.5,8579.5,8667.0,2519830.0,
2018-03-23T22:00:04.000000Z,8667.0,9100.0,8632.0,8952.0,9512338.0,
2018-03-24T00:00:03.000000Z,8938.0,8980.5,8864.5,8864.5,6970649.0,
2018-03-24T02:00:10.000000Z,8864.5,8930.0,8845.0,8893.0,2570274.0,
2018-03-24T04:00:05.000000Z,8893.0,8967.0,8810.0,8871.0,3092659.0,
2018-03-24T06:00:34.000000Z,8873.0,8949.5,8873.0,8924.5,2763176.0,
2018-03-24T08:00:18.000000Z,8924.5,9035.0,8821.0,8907.5,4334267.0,
2018-03-24T10:02:17.000000Z,8902.5,8902.5,8737.5,8751.5,4424739.0,
2018-03-24T12:00:32.000000Z,8747.5,8900.0,8693.5,8877.0,6441398.0,
2018-03-24T14:00:26.000000Z,8876.5,8989.0,8861.0,8954.0,7768597.0,
2018-03-24T16:00:43.000000Z,8952.0,8953.0,8864.0,8887.5,3448135.0,
2018-03-24T18:00:17.000000Z,8891.5,8944.5,8867.5,8911.0,1599900.0,
2018-03-24T20:00:06.000000Z,8919.5,8968.5,8630.5,8662.0,8663536.0,
2018-03-24T22:00:12.000000Z,8662.0,8695.5,8471.0,8531.5,7772613.0,
2018-03-25T00:00:04.000000Z,8535.0,8582.0,8477.0,8525.5,4275825.0,
2018-03-25T02:00:18.000000Z,8521.5,8559.0,8450.0,8547.5,3481258.0,
2018-03-25T04:00:07.000000Z,8548.0,8573.5,8486.5,8513.5,3422002.0,
2018-03-25T06:00:20.000000Z,8519.5,8561.0,8410.0,8475.0,3245122.0,
2018-03-25T08:00:04.000000Z,8474.0,8559.0,8442.5,8496.0,3412428.0,
2018-03-25T10:00:47.000000Z,8500.5,8517.5,8351.5,8400.5,7426408.0,
2018-03-25T12:00:28.000000Z,8400.5,8559.0,8381.5,8540.5,4249258.0,
2018-03-25T14:00:27.000000Z,8543.5,8606.5,8445.0,8471.0,4512102.0,
2018-03-25T16:00:08.000000Z,8459.0,8567.0,8454.0,8511.5,2689108.0,
2018-03-25T18:00:07.000000Z,8519.5,8645.0,8518.0,8591.0,6253321.0,
2018-03-25T20:00:12.000000Z,8592.0,8609.5,8505.0,8602.0,3827563.0,
2018-03-25T22:00:03.000000Z,8602.0,8641.0,8372.0,8430.0,7396984.0,
2018-03-26T00:00:08.000000Z,8430.0,8482.0,8329.0,8400.5,4414019.0,
2018-03-26T02:00:55.000000Z,8401.0,8476.5,8387.0,8427.5,1652015.0,
2018-03-26T04:00:09.000000Z,8426.5,8472.5,8415.0,8442.5,1517822.0,
2018-03-26T06:00:22.000000Z,8439.0,8445.0,8354.5,8402.0,2378554.0,
2018-03-26T08:00:35.000000Z,8405.0,8419.0,8250.0,8287.0,4009525.0,
2018-03-26T10:00:03.000000Z,8287.0,8315.0,8002.0,8069.0,12972502.0,
2018-03-26T12:00:38.000000Z,8075.0,8133.0,7935.0,8085.5,9803025.0,
2018-03-26T14:00:04.000000Z,8085.0,8093.0,7950.0,8050.0,8536674.0,
2018-03-26T16:00:34.000000Z,8050.0,8067.0,7804.5,7880.0,9239711.0,
2018-03-26T18:00:27.000000Z,7881.5,7923.5,7812.0,7882.5,4082143.0,
2018-03-26T20:00:24.000000Z,7883.0,7900.0,7805.0,7836.0,3583955.0,
2018-03-26T22:00:14.000000Z,7834.5,8223.0,7833.5,8112.0,7407891.0,
2018-03-27T00:00:04.000000Z,8112.0,8174.5,7996.5,8014.0,3944171.0,
2018-03-27T02:00:05.000000Z,8014.0,8020.5,7735.0,7804.0,8660118.0,
2018-03-27T04:00:05.000000Z,7809.0,7930.0,7665.5,7890.0,7233453.0,
2018-03-27T06:00:13.000000Z,7897.0,8000.0,7815.0,7890.5,4675228.0,
2018-03-27T08:00:07.000000Z,7884.0,7976.5,7753.0,7896.0,5439236.0,
2018-03-27T10:00:40.000000Z,7900.0,8023.5,7848.5,7896.5,2742650.0,
2018-03-27T12:00:16.000000Z,7896.5,8092.0,7852.0,8070.5,5044989.0,
2018-03-27T14:00:11.000000Z,8073.5,8140.0,8011.0,8034.0,4214066.0,
2018-03-27T16:00:30.000000Z,8036.0,8105.5,7890.5,7900.0,5166202.0,
2018-03-27T18:00:29.000000Z,7904.5,7928.5,7826.0,7883.0,4043336.0,
2018-03-27T20:00:14.000000Z,7887.0,8020.0,7856.0,7982.5,3370678.0,
2018-03-27T22:00:26.000000Z,7982.5,7982.5,7683.5,7765.5,9341937.0,
2018-03-28T00:00:19.000000Z,7764.5,7823.5,7711.0,7780.5,2997699.0,
2018-03-28T02:00:04.000000Z,7830.0,7845.0,7735.0,7835.5,2417598.0,
2018-03-28T04:00:43.000000Z,7823.5,7835.5,7779.0,7812.5,1963670.0,
2018-03-28T06:01:22.000000Z,7813.0,7994.0,7813.0,7839.5,3578774.0,
2018-03-28T08:00:32.000000Z,7837.0,8180.0,7831.0,8050.0,5282725.0,
2018-03-28T10:00:17.000000Z,8049.5,8137.0,7975.5,8005.5,3856951.0,
2018-03-28T12:00:13.000000Z,8005.5,8032.5,7955.0,8019.0,2943998.0,
2018-03-28T14:00:06.000000Z,8019.0,8019.0,7722.5,7848.0,4510042.0,
2018-03-28T16:00:47.000000Z,7838.0,7902.5,7838.0,7898.0,2395499.0,
2018-03-28T18:00:27.000000Z,7895.0,7920.5,7837.0,7869.0,3129788.0,
2018-03-28T20:00:27.000000Z,7881.5,7907.5,7777.5,7835.0,3438251.0,
2018-03-28T22:00:03.000000Z,7835.5,7981.5,7835.5,7914.5,4228954.0,
2018-03-29T00:00:54.000000Z,7918.0,7953.0,7835.0,7853.0,3482890.0,
2018-03-29T02:01:02.000000Z,7853.0,7879.5,7805.0,7842.5,2019428.0,
2018-03-29T04:00:20.000000Z,7837.5,7843.5,7488.5,7526.5,8098040.0,
2018-03-29T06:00:06.000000Z,7526.5,7599.5,7460.0,7513.0,3616188.0,
2018-03-29T08:00:05.000000Z,7515.0,7560.0,7450.0,7506.0,3314392.0,
2018-03-29T10:00:11.000000Z,7501.5,7519.0,7430.0,7466.5,3218728.0,
2018-03-29T12:00:34.000000Z,7468.5,7533.5,7458.0,7467.0,3515202.0,
2018-03-29T14:00:06.000000Z,7469.5,7478.5,7287.5,7433.0,9257825.0,
2018-03-29T16:00:05.000000Z,7439.5,7534.0,7394.0,7430.0,3979490.0,
2018-03-29T18:00:43.000000Z,7435.5,7457.0,7329.0,7333.0,3847503.0,
2018-03-29T20:00:05.000000Z,7330.0,7358.5,6846.5,7001.0,18739410.0,
2018-03-29T22:00:08.000000Z,7013.0,7302.0,7004.0,7064.5,9202949.0,
2018-03-30T00:00:10.000000Z,7064.5,7142.0,6624.0,6840.0,10115990.0,
2018-03-30T02:00:10.000000Z,6840.0,6907.0,6731.0,6838.0,7144869.0,
2018-03-30T04:00:10.000000Z,6837.0,7142.5,6555.0,7095.0,12356668.0,
2018-03-30T06:00:03.000000Z,7095.0,7226.5,6959.5,7189.0,8760824.0,
2018-03-30T08:00:03.000000Z,7188.0,7246.0,7022.0,7022.0,5404037.0,
2018-03-30T10:00:07.000000Z,7021.0,7102.0,6885.5,6974.5,7775849.0,
2018-03-30T12:00:00.000000Z,6975.4,6975.4,6975.4,6975.4,23014532.0,
